"web-scraper-order","name_ja","company_games","company_description","address","company_descr_country","company_descr_city","url","top_level_domain","tld_country","link_geoip"
,"アーヴォリオ"," content (W98)　サティア９５",,"〒530-0047　大阪市北区西天満5-1-5　西天満パークビル２号館６Ｆ　　06(6360)6210","[]","[]","http://13cm.product.co.jp/Aypio/","jp","Japan","N/A"
,"アーカムプロダクツ"," (W98)　色数向上委員会",,"〒065-0015　札幌市東区北15条東12-2-10　　011(742)8631","[]","[]","http://www.phoenix-c.or.jp/arkham/","jp","Japan","JP"
,"アーク"," (W98)　青春１８ラヂオ<br>",,"〒542-0081　大阪府大阪市中央区南船場3丁目6号1番 サイプレス心斎橋3F　06-4963-9907<br><br>","[]","[]","http://www.ark-soft.com/","com",,"US"
,"アークシステムワークス"," (PS.PS2.DC.W98.AC.ETC)　ウィザーズハーモニー",,"〒222-0033　横浜市港北区新横浜2-6-13　新横浜ステーションビル５Ｆ　　045(470)1550","[]","[]","http://www.arcsy.co.jp/","jp","Japan","N/A"
,"アージュ"," (W98)　化石の歌",,"〒101-0052　東京都千代田区神田小川町3-26-2","[]","[]","http://www.age-soft.co.jp/","jp","Japan","JP"
,"アースリープロダクション"," (PS.ETC)　モンスターコレクション",,"〒110-0016　東京都台東区台東1-10-12　台東１１０ビル６Ｆ　　03(3832)2574","[]","[]","http://earthly.co.jp/","jp","Japan","JP"
,"アーティファクト"," (W98)　ラヴィドシャトゥ",,"〒180-0006　東京都武蔵野市中町1-22-2　ナッツビル２Ｆ　　0422(37)4474","[]","[]","http://artifact.gr.jp/","jp","Japan","N/A"
,"アートゥーン"," (GB)　ピノビィーの大冒険",,"〒222-0033　横浜市港北区新横浜2-15-10　ＹＳ新横浜ビル６Ｆ　　045(470)4380","[]","[]","http://www.artoon.co.jp/","jp","Japan","N/A"
,"アートスケープ",,,"〒550-0006　大阪市西区江之子島1-7-3　奥内阿波座駅前ビル１４Ｆ　　06(4803)6910","[]","[]","http://www.artscape.co.jp/","jp","Japan","N/A"
,"アートディンク"," (PS.PS2.W98)　Ａ列車で行こう",,"〒261-8701　千葉市美浜区中瀬2-6　ＷＢＧマリブウエスト２１Ｆ　　043(299)7809","[]","[]","http://www.artdink.co.jp/","jp","Japan","JP"
,"Ａｂｅｌ　ＳＯＦＴＷＡＲＥ"," (W98)　エクソダスギルティー　オルタナティブ<br>",,"〒114-0013　東京都北区東田端1-13-10　ツインビル田端Ａ　3Ｆ<br><br>","[]","[]","http://www.abelsoftware-jp.com/","com",,"JP"
,"アールクラブ"," (W98)　ラブハザード",,"〒550-0003　大阪市西区京町堀1-8-35　グッドストックビル７Ｆ","[]","[]","http://www.art-club.co.jp/","jp","Japan","N/A"
,"アイジーエス"," (W98)　POWERBOAT Racing",,"〒221-0052　横浜市神奈川区栄町1-1　アーバンスクエア横浜　　045(451)5818","[]","[]","http://home.igs.co.jp/games/","jp","Japan","N/A"
,"アイシステム東京"," (PS)　ナイスオン",,"〒271-0091　千葉県松戸市本町18-4　シティビル２Ｆ　　047(362)1481","[]","[]","http://island.qqq.or.jp/hp/aisystem/","jp","Japan","N/A"
,"アイスナイン"," (W98)　ラブメーション",,"〒176-0006　東京都練馬区栄町12-2-505　　03(5946)7281","[]","[]","http://www.is9-game.com/","com",,"JP"
,"アイディアファクトリー"," (PS.PS2)　スペクトラルフォース",,"〒173-0026　東京都板橋区中丸町11-2　ワコーレ要町６Ｆ　　03(5995)4301","[]","[]","http://www.ideaf.co.jp/","jp","Japan","JP"
,"アイドス・インタラクティブ"," (PS.PS2.N64.W98.ETC)　トゥームレイダー３",,"〒150-0012　東京都渋谷区広尾1-10-4　越山ＬＫビル４Ｆ","[]","[]","http://www.eidos.co.jp/index-hi.html","jp","Japan","N/A"
,"アイフォー"," (PS.PS2.DC.N64.GB.W98.ETC)　ＡＩ将棋",,"〒141-8670　東京都品川区上大崎2-24-9　アイケイビルディング　　03(5436)7876","[]","[]","http://www.ifour.co.jp/","jp","Japan","N/A"
,"ｉｖｏｒｙ"," (W98)　雪の華<br>",,"〒160-0023　東京都新宿区西新宿4-5-1　幸伸ビル新宿2F　03(5354)8471<br><br>","[]","[]","http://www.ivory.co.jp/","jp","Japan","JP"
,"アイマジック"," (W98)　メビウスリンク",,"〒253-0041　神奈川県茅ヶ崎市茅ヶ崎2-1-38-505　　03(5770)5189","[]","[]","http://www.imagic.co.jp/","jp","Japan","JP"
,"ａｉａｓ"," (W98)　幻夢館<br>",,"〒110-0016　東京都台東区台東1-3-5<br><br>","[]","[]","http://www.aias-soft.com/","com",,"JP"
,"あいりゅ"," (W98)　Ｅｌｉｓｅ ～エリーゼ～",,"〒640-8483　和歌山市園部1018-2","[]","[]","http://www.ail-soft.com/airyu/","com",,"JP"
,"アイル"," (W98)　真瑠璃色の雪 ～ふりむけば隣に～",,"〒640-8483　和歌山市園部1018-2","[]","[]","http://www.ail-soft.com/","com",,"JP"
,"アイレムソフトウェアエンジニアリング"," (PS.PS2.AC.ETC)　Ｒ－ＴＹＰＥＳ",,"〒924-0051　石川県松任市福留町655　福留ビル　　076(277)3800","[]","[]","http://www.irem.co.jp/","jp","Japan","JP"
,"アウトバック"," (PS.GB.W98.AC.ETC)　童夢の野望",,"〒160-0022　東京都新宿区新宿2-11-2　カーサヴェルデ４Ｆ　　03(3341)4818","[]","[]","http://www.outback.co.jp/","jp","Japan","N/A"
,"アウトブレイク"," <br>(W98.ETC)　LAST WHISPER",,"<br>〒116-0014　東京都荒川区東日暮里3-18-4　野山ビル１Ｆ　　03(5604)1981","[]","[]","http://www.outbreak.co.jp/","jp","Japan","N/A"
,"アウトロー"," <br><br> (W98)　暴走！じゃすてぃす",,"〒660-0814　兵庫県尼崎市杭瀬本町1-17-5　上中ビル３０１号　　06(6482)4050","[]","[]","http://www.alpha-jp.co.jp/~out-law/","jp","Japan","N/A"
,"アキ"," (PS.DC.N64)　バーチャルプロレスリング",,"〒180-0004　東京都武蔵野市吉祥寺本町1-31-11　ＫＳビル１０Ｆ　　0422(29)7305","[]","[]","http://www.aki.co.jp/","jp","Japan","JP"
,"ａＱｕａ　Ｗａｖｅ"," (ETC)　夢魔～SUCCUBUS～<br>",,"〒162-0044　東京都新宿区喜久井町39番地　萩ビル　03(5292)9181<br><br>","[]","[]","http://www.aquawave.co.jp/","jp","Japan","N/A"
,"アクアシステム"," (PS.W98)　ジェットストリーム",,"〒860-0833　熊本県熊本市平成３丁目６番２０号　　096(379)5418","[]","[]","http://www.aquasystem.co.jp/","jp","Japan","N/A"
,"アクアハウス"," (W98)　すきスキお兄ちゃん<br>",,"〒110-0015　東京都台東区東上野3-33-8-701　03(3863)6328<br><br>","[]","[]","http://sumomo.m78.com/","com",,"N/A"
,"アクアプラス"," (PS.W98)　To Heart",,"〒540-0024　大阪市中央区南新町1-2-4　　06(6941)3850","[]","[]","http://www.aquaplus.co.jp/","jp","Japan","JP"
,"アクアリウム"," (W98)　癒してあげる<br>",,"〒460-0007　愛知県名古屋市中区新栄1-28-9　メゾンラフィネ4F　052(252)5176","[]","[]","http://www.aquarium-soft.com/aquarium/index.html","com",,"SE"
,"アクセス"," (PS.GB.W98)　ヴォイスカーニバル",,"〒134-0088　東京都江戸川区西葛西6-9-12　第３吉野ビル５０１・７０２","[]","[]","http://www.axss.co.jp/","jp","Japan","N/A"
,"アクセラ"," (PS)　マリア２",,"〒153-0042　東京都目黒区青葉台3-1-12　　03(3464)8260","[]","[]","http://www.axela.co.jp/","jp","Japan","JP"
,"アクティブ"," (W98)　くすり指の教科書",,"〒600-8029　京都市下京区寺町通五条上ル西橋詰町775-1　京商五条ビル３Ｆ","[]","[]","http://web.kyoto-inet.or.jp/org/activejp/","jp","Japan","JP"
,"アクトレス"," 　　075(365)3380 (W98)　マ～ジ　MARGINAI<br>",,"〒171-0013　東京都豊島区東池袋1-20-2　池袋ホワイトハウスビル521　03(5985)5990<br><br>","[]","[]","http://www.actress.ne.jp/","jp","Japan","JP"
,"アグミックス"," (W98)　Ｗｉｓｈｗｅｌｌ",,"〒160-0002　東京都新宿区坂町13-6　コンフォール四谷１０１　　03(3358)4862","[]","[]","http://www.pictograph.co.jp/agumix/","jp","Japan","N/A"
,"アクワイア"," (PS)　立体忍者活劇天誅",,"〒110-0016　東京都台東区台東1-7-2","[]","[]","http://www.acquire.co.jp/","jp","Japan","JP"
,"アザーワイズ"," (W98)　Ｓｅｎｓｅ Ｏｆｆ",,"〒530-0044　大阪市北区東天満2-1-27　東天満パークビル８Ｆ　　06(6355)2001","[]","[]","http://otherwise.product.co.jp/","jp","Japan","N/A"
,"アジェンダ"," (PS.W98)　キャロムショット",,"〒060-8737　札幌市北区北７条西6-2-34　キタノビル６Ｆ　　011(716)0171","[]","[]","http://www.agenda.co.jp/","jp","Japan","JP"
,"アスキー"," (PS.PS2.DC.N64.GB.W98)　ダービースタリオン",,"〒151-8024　東京都渋谷区代々木4-33-10　トーシンビル　　03(5351)8054","[]","[]","http://www.ascii.co.jp/","jp","Japan","JP"
,"アスク"," (PS.PS2.GB.W98)　撞球",,"〒162-8558　東京都新宿区下宮町2-6　　03(3267)7341","[]","[]","http://www.ask-digital.co.jp/","jp","Japan","JP"
,"アステック21"," (PS)　忍びノ六",,"〒545-0021　大阪市阿倍野区阪南町5-10-8　　06(6629)0099","[]","[]","http://www.hcn.zaq.ne.jp/cabjt509/astec21/","jp","Japan","JP"
,"アストロール"," (PS.PS2.W98.AC)　カクテル・ハーモニー",,"〒133-0073　東京都江戸川区鹿骨2-31-18　　03(5388)7779","[]","[]","http://www.astroll.com/","com",,"US"
,"アスペクト"," (PS.DC.GB.W98.AC)　ガイアブリーダー",,"〒170-0013　東京都豊島区池袋1-27-8　池袋原ビル６Ｆ　　03(5391)4413","[]","[]","http://www.asp-net.co.jp/","jp","Japan","JP"
,"アスミック・エース　エンタテインメント"," (PS.PS2.DC.N64.ETC)　サイドワインダー",,"〒113-8405　東京都文京区本郷5-24-5　　03(3817)6726","[]","[]","http://www.asmik-ace.co.jp/","jp","Japan","JP"
,"アセンブラージュ"," (W98)　ＣＡＭＰＵＳ ～桜の舞う中で～",,"〒150-0031　東京都渋谷区桜丘町3-2　第３野口ビル５０１　　03(5456)9146","[]","[]","http://www.assemblage.co.jp/","jp","Japan","JP"
,"ＡＳＯＢＥＬＬ"," (W98)　Brave Hearts　～勇者の卵たち～<br>",,"〒606－8107　京都府京都市左京区高野東開町11-1　ＴＫビル2Ｆ<br><br>","[]","[]","http://www.asobell.jp/","jp","Japan","JP"
,"アップルパイ"," (W98)　性春謳歌",,"〒178-0063　東京都練馬区東大泉1-27-25　シャローム大泉２０２号　　03(3924)5568","[]","[]","http://www.applepie.ab.psiweb.com/cgi-bin/index.html","com",,"N/A"
,"<a href=""http://web.archive.org/web/20070105161800/http://www.attainj.com/"">アテイン</a>"," (W98)　ＭＡＲＡＴＨＯＮ",,"〒101-0041　東京都千代田区神田須田町2-19-8　酒井ビル４Ｆ　　03(3255)4721","[]","[]","http://www.attainj.com/","com",,"CA"
,"<a href=""http://web.archive.org/web/20070105161800/http://www.athena-game.co.jp/"">アテナ</a>"," (PS.PS2.DC.N64.GB.W98.ETC)　プロ麻雀 極",,"〒160-0002　東京都新宿区坂町28-6　坂町Ｍビル３Ｆ　　03(5379)4131","[]","[]","http://www.athena-game.co.jp/","jp","Japan","N/A"
,"アトラス"," (PS.PS2.DC.N64.GB.W98.)　女神転生",,"〒162-0825　東京都新宿区神楽坂4-8　　03(3235)7801","[]","[]","http://www.atlus.co.jp/","jp","Japan","JP"
,"アトリエ彩"," (PS)　星の丘学園物語 学園祭",,"〒229-0021　神奈川県相模原市高根1-2-7　丸栄マンション２０２号室　　042(752)3505","[]","[]","http://www.atsai.co.jp/","jp","Japan","JP"
,"アトリエかぐや"," (W98)　恥辱診察室<br>",,"〒545-0021　大阪府大阪市阿倍野区阪南町5-10-8　06(6629)0099<br><br>","[]","[]","http://www.alpha-net.ne.jp/users2/kaguya21/","jp","Japan","JP"
,"アトリエドゥーブル"," (PS.GB)　STREET BOARDERS",,"〒221-0835　横浜市神奈川区鶴屋町3-35-11　西東ビル４０１　　045(316)5648","[]","[]","http://www.double.co.jp/","jp","Japan","JP"
,"ＡＮＩＭ"," (W98)　凌辱痴漢地獄<br>",,"〒060-0056　北海道札幌市中央区南6条東1丁目　K&Y","[]","[]","http://www.boreas.dti.ne.jp/~anim/","jp","Japan","JP"
,"アニメインターナショナルカンパニー"," (PS.W98.ETC)　大運動会",,"〒176-0024　東京都練馬区中村3-24-15　サンハイム中幸ビルＢ１　　03(3926)1591","[]","[]","http://www.anime-int.com/","com",,"JP"
,"ＡＶＡＮＴＥＣ"," (GB.PS.WS.W98)　<br>",,"〒542-0081　大阪府大阪市中央区南船場１-11-9　長堀八千代ビル10F　06(4705)6411<br><br>","[]","[]","http://www.avan-tec.co.jp/","jp","Japan","JP"
,"アフェクト"," (PS.AC.ETC)　麻雀幼稚園たまご組",,"〒143-0026　東京都大田区西馬込2-1-15　Ｋ．Ｓ．Ｔ．ＢＬＤ．２Ｆ","[]","[]","http://www.affect.co.jp/","jp","Japan","JP"
,"アボガドパワーズ"," (W98)　PigeonBlood<br>",,"〒003-0004　北海道札幌市白石区東札幌4条3丁目1-5<br><br>","[]","[]","http://www.abopa.net/","net",,"IE"
,"ArionDigitalSupportNAGOYA"," (N64.W98)　身体障害者用補助装置",,"〒470-1125　愛知県豊明市三崎町中ノ坪11-1-203　　0562(95)1665","[]","[]","http://member.nifty.ne.jp/ADSN/index.html","jp","Japan","JP"
,"アリカ"," (PS.AC)　カードキャプターさくら",,"〒150-0013　東京都渋谷区恵比寿1-20-18　三富ビル新館６Ｆ　　03(3447)1840","[]","[]","http://www.arika.co.jp/","jp","Japan","JP"
,"アリスソフト"," (W98.ETC)　鬼畜王ランス",,"〒530-0043　大阪市北区天満3-12-3　ハニービル　　06(6882)0811","[]","[]","http://www.alicesoft.co.jp/","jp","Japan","JP"
,"アルヴィオン"," (PS.PS2.PSP)　ピポサルアカデミ～ア",,"〒564-0063　大阪府吹田市江坂町1-9-10　アルヴィオンビル　　06(6310)3121","[]","[]","http://www.alvion.co.jp/","jp","Japan","JP"
,"アルシーヴ"," (W98)　なないろ☆デイドリーム",,"〒160-0002　東京都新宿区三栄町12-6　ヒルス三栄町１０５　　03(3226)1334","[]","[]","http://www.txt.co.jp/archive/","jp","Japan","JP"
,"アルゼ"," (PS.PS2)　パチスロアルゼ王国",,"〒135-0063　東京都江東区有明3-1-25　有明フロンティアビルＡ棟　　03(5530)3055","[]","[]","http://www.aruze.com/","com",,"JP"
,"<a href=""http://web.archive.org/web/20070105161800/http://www.din.or.jp/~kanakubo/artsoft/"">アルテックス</a>"," (W98)　めぐり逢い",,"〒198-0036　東京都青梅市河辺町10-6-1-10　トミタワー７０３号　　0428(24)5666","[]","[]","http://www.din.or.jp/~kanakubo/artsoft/","jp","Japan","JP"
,"アルトロン"," (PS.DC.N64.GB.AC)　クレオパトラフォーチュン",,"〒141-0001　東京都品川区北品川5-9-41　ＴＫＢ御殿山ビル４Ｆ　　03(3440)0601","[]","[]","http://www.altron.co.jp/","jp","Japan","JP"
,"アルファ"," (W98)　3D Shooting Maker",,"〒192-0364　東京都八王子市南大沢2-27　フレスコ南大沢　　0426(74)6466","[]","[]","http://www.alph.co.jp/","jp","Japan","JP"
,"アルファ・オメガソフト"," (W98)　英雄降臨",,"〒107-0052　東京都港区赤坂2-19-8　赤坂２丁目アネックス森ビル３Ｆ","[]","[]","http://www.alphaomega.co.jp/","jp","Japan","JP"
,"アルファ・システム"," (PS)　高機動幻想 ガンパレード・マーチ",,"〒860-0812　熊本市南熊本5-10-17　　096(366)5598","[]","[]","http://www.alfasystem.net/","net",,"JP"
,"アルファユニット"," <br><br> (GBA)　おしゃべり インコ倶楽部",,"〒171-0032　東京都豊島区雑司が谷3-11-2　　コバヤシビル９Ｆ","[]","[]","http://www.alpha-unit.ne.jp/","jp","Japan","JP"
,"アンカー"," (DC)　アルティメットファイティングチャンピオンシップ<br>",,"〒108-0073　東京都港区海岸3-3-15　自重堂ビル3F　03(3455)8405<br><br>","[]","[]","http://www.anchorinc.co.jp/","jp","Japan","JP"
,"アンジェ"," (W98)　てのひらの雪",,"〒180-0004　東京都武蔵野市吉祥寺本町1-11-30-605　　0422(20)5961","[]","[]","http://www.din.or.jp/~syscom/ange/","jp","Japan","JP"
,"アンバランス"," (Win)　禁断の家族関係 <br><br> (PS.W98)　太陽の神殿",,"〒101-0057　東京都千代田区神田神保町1-3-5　冨山房ビル４Ｆ　　03(5283)3624","[]","[]","http://www.unbalance.co.jp/","jp","Japan","JP"
,"Ｅｎｆｉｎｉ"," (W98)　えとランゼ<br>",,"〒530-0044　大阪府大阪市北区東天満2-1-27　東天満パークビル8F　06(6355)2001<br><br>","[]","[]","http://enfini.product.co.jp/","jp","Japan","N/A"
,"アンフィニ・エンタテイメント・テクノロジ"," (PS.DC.W98.AC)　ファンタズム",,"〒150-0001 東京都渋谷区神宮前3-38-3　フォルム７１１０ビル２Ｆ　　03(5771)2022","[]","[]","http://www.infini.co.jp/","jp","Japan","JP"
,"イーゲーム"," (PS)　チョロＱワンダフォー！",,"〒111-0036　東京都台東区松が谷1-9-10　第２マテックスビル９Ｆ　　03(5827)6001","[]","[]","http://www.e-game.co.jp/","jp","Japan","JP"
,"<a href=""http://web.archive.org/web/20070105161800/http://ego.product.co.jp/"">イージーオー</a>"," (W98)　いつまでも…　～神長さん家の春夏秋冬～",,"〒530-0044　大阪市北区東天満2-1-27　東天満パークビル８Ｆ　　06(6355)2001","[]","[]","http://ego.product.co.jp/","jp","Japan","JP"
,"イージーモード"," (W98)　ゼロ時間へ...",,"〒567-0036　大阪府茨木市上穂積3-4-2　　0726(31)6500","[]","[]","http://www.hillfield.co.jp/easymode/","jp","Japan","N/A"
,"イーステーション"," (Win)　みんなゲーム",,"〒108-0014　東京都港区芝5-17-2永昌ビル４Ｆ　　03(5439)5370　　","[]","[]","http://www.e-station.ne.jp/","jp","Japan","JP"
,"市来ソフトウェア"," (W98)　千秋夜",,"〒167-0023　東京都杉並区上井草3-14-25　　03(5311)5960","[]","[]","http://riot.icg.co.jp/","jp","Japan","N/A"
,"いちひめ"," (W98)　黒雪姫<br>",,"〒156-0041　東京都世田谷区大原2-24-22　PFビル5F　03(5376)4079<br><br>","[]","[]","http://www.ichihime.jp/","jp","Japan","US"
,"イマジニア"," (PS.PS2.N64.GB.W98.ETC)　超空間ナイタープロ野球キング",,"〒163-0715　東京都新宿区西新宿2-7-1　第一生命ビル１５Ｆ　　03(3343)8911","[]","[]","http://www.imagineer.co.jp/","jp","Japan","JP"
,"イメージクラブ"," (W98)　彩季憧 ～幸せな明日の迎え方～",,"〒065-0015　札幌市東区北15条東12-2-10　　011(742)8631","[]","[]","http://www.phoenix-c.or.jp/arkham/i-club/","jp","Japan","JP"
,"イメージクラフト"," (W98)　ベビーフェイス",,"〒530-0044　大阪市北区東天満2-1-27　東天満パークビル８Ｆ　　06(6355)2001","[]","[]","http://imagecraft.product.co.jp/","jp","Japan","N/A"
,"イメージワークス"," (PS.W98.ETC)　卒業",,"〒150-0001　東京都渋谷区神宮前2-14-19　楠田ビル　　03(5474)8250","[]","[]","http://www.imageworks.co.jp/","jp","Japan","JP"
,"イリュージョン"," (W98)　DES BLOOD３",,"〒221-0045　横浜市神奈川区神奈川2-19-1　コーリンビル１Ｆ　　045(322)1551","[]","[]","http://www.illusion.co.jp/","jp","Japan","JP"
,"インクリメントＰ"," (PS.W98)　バトルアスリーテス　大運動会",,"〒153-0064　東京都目黒区下目黒1-7-1　　03(3491)6171","[]","[]","http://www.incrementp.co.jp/","jp","Japan","JP"
,"インターハート"," (W98)　悪戯シリーズ",,"〒221-0823　横浜市神奈川区二ツ谷町4-7　　045(440)5885 　　　","[]","[]","http://www.interheart.co.jp/","jp","Japan","JP"
,"インターリミテッドロジック"," (W98.ETC)　パソコンで楽しむ３Ｄ地図",,"〒192-0355　東京都八王子市堀之内2-10-2　セタリア１Ｆ　　0426(78)1202","[]","[]","http://www.yamatabi.com/","com",,"US"
,"インディーズゼロ"," (GB.W98)　すってはっくんシリーズ",,"〒180-0003　東京都武蔵野市吉祥寺南町2-6-10　　0422(72)8745 　","[]","[]","http://www.indieszero.co.jp/","jp","Japan","JP"
,"<a href=""http://web.archive.org/web/20070105161800/http://www.intsys.co.jp/"">インテリジェントシステムズ</a>"," (N64.GB.ETC)　ファイアーエムブレム",,"〒611-0042　京都府宇治市小倉町神楽田56　　0774(21)3311","[]","[]","http://www.intsys.co.jp/","jp","Japan","JP"
,"<a href=""http://web.archive.org/web/20070105161800/http://www.netlaputa.ne.jp/~inner-b/"">インナーブレイン</a>"," </b> 　 (PS.W98)　まわってムーチョ",,"〒160-0022 東京都新宿区新宿2-15-22　Ｓ２ビル　　03(5269)1401","[]","[]","http://www.netlaputa.ne.jp/~inner-b/","jp","Japan","JP"
,"<a href=""http://web.archive.org/web/20070105161800/http://www.infinisys.co.jp/"">インフィニシス</a>"," </b> 　 (W98)　After Dark Games",,"〒982-0841　仙台市太白区向山2-2-1　　022(216)4038","[]","[]","http://www.infinisys.co.jp/","jp","Japan","JP"
,"ＩＮＦＩＮＩＴＹ"," (PS)　爆釣日本列島２<br>",,"〒153-0061　東京都目黒区中目黒1丁目3番8号　渡辺ビル7F<br><br>","[]","[]","http://www.infinity-soft.co.jp/","jp","Japan","JP"
,"インフォーツ"," (サウンドクリエーション＆レコーディング)",,"〒602-0943　京都市上京区小川通り一条上がる革堂町578-2　　075(417)2136","[]","[]","http://www.infoarts.co.jp/","jp","Japan","N/A"
,"インプラス"," (携帯電話向けアプリ.PS.PS2.GBA.GC.WIN)　トロと休日<br>",,"〒364-0031 埼玉県北本市中央4-13-1 208　　048（591）2888","[]","[]","http://www.inplas.ne.jp/","jp","Japan","JP"
,"ウーピーキャンプ"," <br><br> (PS.PS2)　トンバ！ザ・ワイルド・アドベンチャー",,"〒562-0036　大阪府箕面市船場西3-10-1　　0727(27)5673","[]","[]","http://www.whoopeecamp.co.jp/","jp","Japan","N/A"
,"ヴァンテアンシステムズ"," (PS.N64.W98)　釣道",,"〒541-0051　大阪市中央区備後町3-1-11　新保ビル５Ｆ　　06(4707)7233 　","[]","[]","http://www.vsc-g.co.jp/","jp","Japan","JP"
,"ヴィアール・ワン"," (PS.PS2.GB.W98)　浪速の商人",,"〒151-0051　東京都渋谷区千駄ヶ谷3-17-11　　03(3402)1573","[]","[]","http://www.vr1.com/","com",,"US"
,"ウィザード"," (PS.DC.GB.AC.W98)　ミラクルワールド",,"〒132-0035　東京都江戸川区平井5-21-2　朝日生命平井ビル２Ｆ　　03(3612)6638","[]","[]","http://www.wiz.ne.jp/","jp","Japan","JP"
,"ヴィジット"," (PS)　最終電車　19時03分上野発夜光列車",,"〒555-0021　大阪市西浪速区幸町3-9-7　　06(6562)9191","[]","[]","http://www.visit.co.jp/","jp","Japan","JP"
,"ヴィジョンソフト"," (W98)　POCKET DREAM -FIRST-",,"〒577-0056　大阪府東大阪市長堂3-21-12　ピースハイツ１０７　　","[]","[]","http://www13.big.or.jp/~vision_s/","jp","Japan","JP"
,"ウィズ"," (PS,GB)　<br>",,"〒103-0007　東京都中央区日本橋浜町三丁目42番3号　住友不動産浜町ビル3階　03(3663)7677<br><br>","[]","[]","http://www.wizinc.co.jp/","jp","Japan","JP"
,"ウィッチ"," (W98)　Milkyway2<br>",,"〒336-0017　埼玉県さいたま市南浦和2-38-6　草野ビル6F　048-884-5333<br><br>","[]","[]","http://www.witch.gr.jp/","jp","Japan","N/A"
,"ウィネット"," (PS.W98.ETC)　Cubic Gallery",,"〒104-0061　東京都中央区銀座8-3-4　ＤＫビル６Ｆ　　03(3575)0995","[]","[]","http://www.wenet-mm.com/","com",,"N/A"
,"ウィル"," (W98)　帝都のユリ",,"〒465-0048　名古屋市名東区藤見ヶ丘6　セントラルスクェア４Ｆ　　052(779)4688","[]","[]","http://www.will-japan.co.jp/","jp","Japan","JP"
,"ウィルリンク"," (PS.DC.W98.AC)　エヴァと愉快な仲間たち",,"〒180-0004　東京都武蔵野市吉祥寺本町1-36-12　ドムール七井１０５　　0422(20)5657","[]","[]","http://www.will-link.co.jp/","jp","Japan","JP"
,"ウィンキーソフト"," (PS.PS2.DC.GB.W98.AC)　聖霊機ライブレード２",,"〒564-0051　大阪府吹田市豊津町11-34　米澤ビル第１０江坂５０５　　(FAX)06(6386)5625","[]","[]","http://www.winky.co.jp/","jp","Japan","N/A"
,"うぃんどみる"," (W98)　結い橋<br>",,"〒171-0022　東京都豊島区南池袋2-35-7　岩田光建ビル501<br><br>","[]","[]","http://windmill.suki.gr.jp/","jp","Japan","N/A"
,"ウインライト"," (PC、携帯、PS2、XBOX等)　<br>",,"〒140-0013　東京都品川区南大井3-33-10　ＮＯＲＩビル３Ｆ　　03(5753)7677","[]","[]","http://www.winlight.co.jp/","jp","Japan","JP"
,"ウエストビジョン"," <br><br> (W98)　部費げっちゅ～！<br>",,"〒133-0057　東京都江戸川区西小岩4-1-22　東洋第2ビル7Ｆ<br><br>","[]","[]","http://westvision.afrox.net/","net",,"N/A"
,"ウエストンビットエンタテインメント"," (PS.ETC)　ミラノのアルバイトこれくしょん",,"〒153-0061　東京都目黒区中目黒2-10-15　山手Ｋビル３Ｆ　　03(5768)6920","[]","[]","http://www.westone.co.jp/","jp","Japan","JP"
,"ウエップシステム"," (PS.PS2.DC.ETC)　COOL BOARDERS",,"〒160-0023　東京都新宿区西新宿3-8-5　新栄ビル　　03(3377)8711","[]","[]","http://www.uepsys.com/","com",,"N/A"
,"うえぽん"," (W98)　悶",,"〒332-0034　埼玉県川口市並木2-34-2　篠田ビル１Ｆ　　048(256)2286","[]","[]","http://www.cosmos.co.jp/weapon/","jp","Japan","N/A"
,"ウォーターマークス"," (PS.PS2)　THE BOOK OF WATERMARKS",,"〒150-0012　東京都渋谷区広尾5-9-25　HIROO PERSON 302　　03(5447)5058","[]","[]","http://www.watermarks.com/","com",,"US"
,"ヴューワークス"," (ETC)　モーションキャプチャーデータ集「力也 ～RIKIYA～」",,"〒078-8801　北海道旭川市緑ヶ丘東1条3丁目1-6　旭川リサーチセンター内　","[]","[]","http://www.viewworks.co.jp/","jp","Japan","N/A"
,"ウラン"," 　0166( 66)2970 (W98)　Ｐ.Ｓ.３　～ハーレムナイト～",,"〒160-0004　東京都新宿区四谷4-26　オーツービル　　052(760)4311","[]","[]","http://www.o-2.co.jp/uran/","jp","Japan","JP"
,"ＡＱインタラクティブ"," (XBOX360.PS3.PSP)　CRY ON",,"〒106-0032　東京都港区六本木1-4-30　六本木２５森ビル１８Ｆ","[]","[]","http://www.aqi.co.jp/","jp","Japan","JP"
,"エーコロン"," (PS.DC.N64.W98.ETC)　SHEEPDOG",,"〒206-0034　東京都多摩市鶴牧1-4-17　いずみビル６Ｆ　　042(357)1366","[]","[]","http://www.acolon.com/","com",,"CH"
,"<a href=""http://web.archive.org/web/20070105161800/http://www.bekkoame.ne.jp/~adk/"">エーディーケイ</a>"," </b> 　 (PS.AC.ETC)　めろんちゃんの成長日記",,"〒362-0034　埼玉県上尾市愛宕1-16-8　レーベンビル４Ｆ　　048(775)2412","[]","[]","http://www.bekkoame.ne.jp/~adk/","jp","Japan","JP"
,"<a href=""http://web.archive.org/web/20070105161800/http://www16.big.or.jp/~ather/"">エーテル</a>"," (W98)　ＣＡＭＰＵＳ ～桜の舞う中で～",,"〒150-0031　東京都渋谷区桜丘町3-2　第３野口ビル５０１　　03(5456)9146","[]","[]","http://www16.big.or.jp/~ather/","jp","Japan","JP"
,"エービーエス"," (W98.ETC)　平成棋院Ⅱ",,"〒150-0013　東京都渋谷区恵比寿1-7-12　追分ビル６Ｆ　　03(3442)8694","[]","[]","http://www.absinc.co.jp/","jp","Japan","JP"
,"エア・プランツ"," (W98)　スノーメモリア　～忘れえぬ想い～",,"〒105-0014　東京都港区芝2-13-4　ＪＢＰ芝ビル１３Ｆ　　03(5476)2605","[]","[]","http://www.airplants.co.jp/","jp","Japan","N/A"
,"ｈ.ｍ.ｐ"," (AC.W98)　乾杯",,"〒112-0005　東京都文京区水道1-5-23　飯田橋ウイングビル　　03(5800)1791","[]","[]","http://www.hmp.co.jp/","jp","Japan","N/A"
,"エイビーハウス"," (W98.ETC)　ダービースタリオン",,"〒140-0011　東京都品川区大井2-27-6　　03(5742)2831","[]","[]","http://www.abh.ne.jp/","jp","Japan","N/A"
,"エイムアット・エンターテインメント"," (PS.XB.ETC)　ONE PIECEとびだせ海賊団<br>",,"〒150-0021　東京都渋谷区恵比寿西1-12-3-203　　03(5458)5206","[]","[]","http://www.aae.co.jp/","jp","Japan","JP"
,"エイムス"," <br><br> (PS.DC.GB.W98.AC.ETC)",,"〒164-0012　東京都中野区本町3-22-13　１Ｆ　　03(5358)5051","[]","[]","http://www.ams-net.co.jp/","jp","Japan","N/A"
,"エヴォリューション"," (W98)　少女サーカス",,"〒651-0093　兵庫県神戸市中央区二宮町1丁目4-7　ボストンビル702　078-262-7467","[]","[]","http://www.dice-soft.co.jp/evolution/","jp","Japan","N/A"
,"エウシュリー"," (W98)　めいどいんばに～",,"〒065-0015　札幌市東区北15条東12-2-10　　011(742)8631","[]","[]","http://www.phoenix-c.or.jp/~eushully/","jp","Japan","JP"
,"ＡＬＵ"," (PS2)　侍　～SAMURAI～<br>",,"〒101-0032　東京都千代田区岩本町3-10-13　幸ビル<br><br>","[]","[]","http://www.alu.co.jp/","jp","Japan","N/A"
,"エキップメント"," (PS2.XBOX.GC.DC.PC.ETC)　kunoichi",,"〒107-0061　東京都港区北青山3-3-11　　ルネ青山ビル８Ｆ　　03(5772)2215","[]","[]","http://www.equip-ment.co.jp/","jp","Japan","JP"
,"エクシング"," (PS.PS2.DC.ETC)　Fighting Illusion ～K-1 GRAND PRIX～",,"〒467-0851　名古屋市瑞穂区塩入町18-1　　052(825)1901","[]","[]","http://www.xing.co.jp/","jp","Japan","JP"
,"エクス・ツールス"," (W98)　Shade Professional",,"〒810-0042　福岡市中央区赤坂3-9-9　　092(722)4540","[]","[]","http://www.ex-tools.co.jp/","jp","Japan","JP"
,"エグゼクリエイト"," (PS.DC.GB.W98)　Ｆｒａｎｅ",,"〒540-0029　大阪市中央区本町橋6-21 ＩＶＹ内本町ビル９０３","[]","[]","http://www.exe-create.co.jp/","jp","Japan","JP"
,"エクセレンツ"," (W98)　さんくすぎびんぐspecial",,"〒170-0013　東京都豊島区東池袋1-35-10　ｆｕｊｉｔａビル３Ｆ","[]","[]","http://www.excellents.co.jp/","jp","Japan","N/A"
,"エコールソフトウェア"," (PS.DC)　デスクリムゾン",,"〒563-0032　大阪府池田市石橋1-8-12　アゼリアタワー６Ｆ　　0727(63)5311","[]","[]","http://www.ecole.co.jp/","jp","Japan","JP"
,"エス.アール.ディー"," <br><br> (N64.GB)　スーパーマリオブラザーズ",,"〒532-0003　大阪市淀川区宮原4-3-39　大広新大阪ビル４Ｆ　　06(6392)9511","[]","[]","http://www.srdgame.com/","com",,"US"
,"エスエヌケイ"," (PS.PS2.DC.AC.ETC)　ザ・キング・オブ・ファイターズ",,"〒135-0063　東京都江東区有明3-1-25　有明フロンティアビルＢ棟７Ｆ　　03(5530)2080","[]","[]","http://www.neogeo.co.jp/","jp","Japan","N/A"
,"<a href=""http://web.archive.org/web/20070105161800/http://www.escape.co.jp/"">エスケープ</a>"," (PS.PS2)　DRIVING EMOTION Type-S",,"〒150-0011　東京都渋谷区東3-9-19　ポーラ恵比寿ビル４Ｆ","[]","[]","http://www.escape.co.jp/","jp","Japan","JP"
,"エスコット"," (PS.PS2)　ピクシーガーデン",,"〒163-1437　東京都新宿区西新宿3-20-2　東京オペラシティタワー３７Ｆ　　03(5358)3473","[]","[]","http://www.escot.co.jp/game/","jp","Japan","N/A"
,"エス・ピー・エス"," (PS.DC.GB.W98.ETC)　首領蜂",,"〒960-8151　福島市太平寺字過吹24-1　　0245(45)5777","[]","[]","http://www.sps.co.jp/","jp","Japan","JP"
,"エッジワークス"," (企画・シナリオ専門)　",,"<br>〒182-0025　東京都調布市多摩川5-4-1-233　　0424(43)7590","[]","[]","http://www.edge-works.co.jp/","jp","Japan","JP"
,"エッチ・アイ・シー"," (W98.AC)　ソニック・ザ・ヘッジホッグＣＤ",,"〒150-0011　東京都渋谷区東3-9-19　ポーラ恵比寿ビル８Ｆ　　03(5467)2401","[]","[]","http://www.hic-soft.co.jp/","jp","Japan","JP"
,"Ｈ・Ｗｏｒｋｓ"," (W98)　マイトイ",,"〒533-0033　大阪市東淀川区東中島1-18-5　新大阪丸ビル６０４号　　06(6815)8107","[]","[]","http://www.h-works.com/","com",,"US"
,"エデン"," (W98)　SNOW WHITE ～the veil of my heart～",,"〒150-0013　東京都渋谷区恵比寿1-22-20　恵比寿幸和ビル７Ｆ　　03(5475)0538","[]","[]","http://www.apo.co.jp/eden/","jp","Japan","N/A"
,"エヌ・アイ・シー"," (W98)　ヨムレス",,"〒169-0075　東京都新宿区高田馬場1-26-12 　高田馬場ビル４０２　　03(5292)0621","[]","[]","http://www.nic-j.com/","com",,"US"
,"ＮＥＣインターチャネル"," (PS.DC.GB.AC.W98)　センチメンタルグラフティ",,"〒108-0073　東京都港区三田1-4-28　三田国際ビル２１Ｆ　　03(5440)0755","[]","[]","http://www.neic.co.jp/","jp","Japan","JP"
,"ＮＥＣホームエレクトロニクス"," (W98.ETC)　アニメフリークFX",,"〒108-0014　東京都港区芝5-33-1　森永プラザビル　　03(3454)5111","[]","[]","http://www.nehe.nec.co.jp/","jp","Japan","JP"
,"エバ・プラニング・オフィス"," (W98.ETC)　ハメるとモンスター",,"〒103-0001　東京都中央区日本橋小伝馬町14-5-302　　03(3249)1201","[]","[]","http://www1.kcom.ne.jp/eba-p/","jp","Japan","N/A"
,"エフアンドシー"," (W98)　Ｐｉａキャロットへようこそ",,"〒169-0075　東京都新宿区高田馬場3-3-3　ＮＩＡビル４Ｆ　　03(3365)6577","[]","[]","http://www.fandc.co.jp/","jp","Japan","JP"
,"エフクリエイティブファクトリー"," (PS.W98.AC)　Ｆｉｎｄ Ｌｏｖｅ",,"〒141-0022　東京都品川区東五反田2-2-15　７Ｆ　　03(5449)1921","[]","[]","http://www3.vc-net.ne.jp/~fcf/","jp","Japan","JP"
,"ｅｍｕ"," (W98)　Blue-Sky-Blue【s】　－空を舞う翼－<br>",,"〒005-0005　北海道札幌市南区澄川５条5丁目　西村マンションA101　011(817)7763<br><br>","[]","[]","http://www.hf-emu.com/","com",,"JP"
,"エボルブ"," (携帯電話全般)　",,"〒541-0058　大阪市中央区南久宝寺町2-6-7　SO-TENビル５Ｆ　　06(6251)8831","[]","[]","http://evolve.ne.jp/","jp","Japan","JP"
,"ｅｍｕ"," (W98)　Blue-Sky-Blue【s】　－空を舞う翼－<br>",,"〒005-0005　北海道札幌市南区澄川５条5丁目　西村マンションA101　011(817)7763<br><br>","[]","[]","http://www.hf-emu.com/","com",,"JP"
,"エム・エス・ディ・ジャパン"," (W98.ETC)　日本語ウィンドウズゲーム50＋",,"〒365-0075　埼玉県鴻巣市宮地3-1-39　　048(541)7811","[]","[]","http://www.msdj.com/","com",,"JP"
,"Ｍ２"," (PS.W98.ETC)　卒業～クロスワールド",,"〒130-0021　東京都墨田区緑3-4-2　吉倉ビル　　03(5600)6561","[]","[]","http://www.m-2.jp/","jp","Japan","JP"
,"エム・ティー・オー"," (PS.GB)　アドバンスGTA",,"〒222-0033　横浜市港北区新横浜2-12-12　新横浜ＩＫビル　　045(476)5300","[]","[]","http://www.mto-power.com/","com",,"JP"
,"ＥＲＲＯＲ"," (W98)　WRING～ウェディングリング～<br>",,"〒130-0026　東京都墨田区両国2-18-12　サンローズ402　03(5638)5332<br><br>","[]","[]","http://www.error-soft.jp/","jp","Japan","N/A"
,"ＭＢＳ　ＴＲＵＴＨ"," (W98)　失楽の神女<br>",,"〒001-0017　北海道札幌市北区北17条西4丁目21　藤井ビル北17条Ⅱ2F<br><br>","[]","[]","http://www.teck.jp/truth/","jp","Japan","JP"
,"エルコム"," (PS.W98)　ダカール97",,"〒105-0023　東京都港区芝浦1-4-1　オヤックスビル　　03(3453)5400","[]","[]","http://www.elcom.co.jp/","jp","Japan","JP"
,"エルステッド"," (PS.GB)　ＤＸ億万長者ゲーム<br>",,"〒862-0971　熊本市大江4-19-19　北川ビル１Ｆ　　096(363)8491<br><br>","[]","[]","http://www.oersted.co.jp/","jp","Japan","JP"
,"エルフ"," (W98)　下級生２<br>",,"〒166-8528　東京都杉並区高円寺北2丁目3番17号　高円寺NKビル4F　03(3337)0821<br><br>","[]","[]","http://www.elf-game.co.jp/","jp","Japan","N/A"
,"エレクトリックシープ"," (Win)　Gizmo I.Q.<br>",,"〒463-0037　名古屋市守山区天子田3-302-201<br><br>","[]","[]","http://www.electricsheep.co.jp/","jp","Japan","JP"
,"エレクトロ ズー"," (ゲーム音響制作)　イルブリード",,"〒261-0013　千葉市美浜区打瀬2-22","[]","[]","http://home.att.ne.jp/red/ez/","jp","Japan","JP"
,"エレクトロニック・アーツ・スクエア"," (PS.PS2.N64.W98)　テーマパーク",,"〒141-0021　東京都品川区上大崎2-24-9　ＩＫビル　　03(5436)6311","[]","[]","http://www.japan.ea.com/","com",,"JP"
,"エレメント"," (W98)　みらくるテンプテーション！！",,"〒530-0047　大阪市北区西天満6-5-17　デジタルエイトビル４Ｆ","[]","[]","http://www.escude.co.jp/","jp","Japan","JP"
,"エンターブレイン"," (PS.PS2)　ＲＰＧツクール",,"〒154-8528　東京都世田谷区若林1-18-10　みかみビル","[]","[]","http://www.gameeb.com/","com",,"SE"
,"Ｅｍｐｔｙ"," (W98)　学園の狩猟者～烽火～<br>",,"〒130-0026　東京都墨田区両国2-21-5　両国ダイカンプラザ706号室<br><br>","[]","[]","http://www.full.co.jp/empty/","jp","Japan","JP"
,"ＡＵＧＵＳＴ"," (W98)　ＰｒｉｎｃｅｓｓＨｏｌｉｄａｙ～転がるりんご亭千夜一夜～<br>",,"〒164-0003　東京都中野区東中野4-12-2-404　03(5389)8858<br><br>","[]","[]","http://august-soft.com/","com",,"JP"
,"オークランド"," (W98)　エンジェリーズン ～天使のいいわけ～",,"〒102-0081　東京都千代田区一番町13　法眼坂ビル４Ｆ　　03(5275)7683","[]","[]","http://galgame.ac/oakland/","ac","Ascension Island","N/A"
,"オーシス"," (W98)　future ZERO",,"〒130-0021　東京都墨田区緑1-14-2　柏原マンション４０１　　03(3633)3822","[]","[]","http://www2.tky.3web.ne.jp/~osis/","jp","Japan","JP"
,"オーツー"," (W98)　ニーベルングの指輪",,"〒160-0004　東京都新宿区四谷4-26　オーツービル　　03(5362)7333","[]","[]","http://www.o-2.co.jp/","jp","Japan","JP"
,"オーバーフロー"," (W98)　妹でいこう！<br>",,"〒101-0052　東京都千代田区神田小川町2-4-5　杉商ビル9F　03(5259)3602","[]","[]","http://www.0verflow.com/","com",,"JP"
,"オーバーライズ"," (W98)　ＭＯＯＮ",,"〒503-0006　岐阜県大垣市加賀野4-1-7　ソフトピアジャパン９１４　　0584(77)1295","[]","[]","http://www.overrise.co.jp/","jp","Japan","JP"
,"オーパス"," (PS.PS2.N64)　FIGHTING CUP",,"〒158-0082　東京都品川区上大崎3-14-12　井上ビル５Ｆ　目黒ワークショッ","[]","[]","http://www.opus.co.jp/mindex.html","jp","Japan","JP"
,"オービット"," プ　　03(5447)1700 (W98)　顔のない月<br>",,"〒300-1233　茨城県牛久市栄町5-2　木村ビル2F<br>","[]","[]","http://www.orbit-soft.com/","com",,"JP"
,"大阪デザインファクトリー"," (W98)　復活祭 －アスティカーヤの魔女－",,"〒543-0023　大阪市天王寺区味原町12-5　大一スポーツビル３Ｆ","[]","[]","http://www.rr.iij4u.or.jp/~odf/","jp","Japan","JP"
,"大宮ソフト"," (PS,PS2,GBA)　赤川次郎　月の光<br> 神奈川県相模原市上鶴間3451-1　NS相模大野503　042(712)5313<br><br> (PS.ETC)　カルドセプト",,"〒330-0802　埼玉県大宮市宮町3-36-1-202　　048(647)8523","[]","[]","http://www.omiyasoft.com/","com",,"JP"
,"オズクラブ"," (PS)　黒の断章",,"〒163-1465　東京都新宿区西新宿3-20-2　東京オペラシティタワー３７Ｆ　　03(5358)3472","[]","[]","http://www.escot.co.jp/game/ozclub/","jp","Japan","N/A"
,"オフィスジーン"," (W98)　約束の地",,"〒177-0051　東京都練馬区関町北 4-16-46　シティハイムアルファⅡ１－Ｄ","[]","[]","http://www1.biz.biglobe.ne.jp/~jeans/","jp","Japan","N/A"
,"ＯＰＴｉＭ"," (W98)　ＤａｒｋＡｇｅｓ－朝の来ない場所－<br>",,"〒530-0044　大阪府大阪市北区東天満2-1-27　東天満パークビル8F　06(6355)2001<br><br>","[]","[]","http://optim.jp/","jp","Japan","JP"
,"オメガ・ミコット"," (ETC)　うずまき",,"〒150-0002　東京都渋谷区渋谷1-24-6　ボディソニック渋谷ビル６Ｆ","[]","[]","http://www.omega-micott.co.jp/","jp","Japan","N/A"
,"オラシオン"," (PS.W98)　SPACE MOSA",,"〒151-0063　東京都渋谷区富ヶ谷2-41-12　富ヶ谷小川ビル２Ｆ　　03(3481)8760","[]","[]","http://www.oracion.co.jp/","jp","Japan","JP"
,"オルカプロダクション"," (W98.ETC)　おるちゅばんエビちゅ",,"〒107-0062　東京都港区南青山5-5-20　アルファエイト南青山１０２　　03(5469)0509","[]","[]","http://www.orca.co.jp/index.html","jp","Japan","JP"
,"ガーデン"," (PS2.XBOX.AGB.PC)　レスキューヘリエアレンジャーシリーズ<br>",,"〒167-0051　東京都杉並区荻窪5-16-14　カパラビル７Ｆ　　03(5335)4972","[]","[]","http://www.gdn.co.jp/","jp","Japan","N/A"
,"ガールズソフトウェア"," (W98)　コミックカフェ<br>",,"〒160-0023　東京都新宿区西新宿4-14-7-704　03(3320)5455<br><br>","[]","[]","http://www.girls-software.jp/index1.html","jp","Japan","JP"
,"ガイナックス"," (PS.W98.ETC)　エヴァンゲリオン",,"〒180-0006　東京都武蔵野市中町2-5-22　中町ビル　　0422(53)5568","[]","[]","http://www.gainax.co.jp/","jp","Japan","JP"
,"加賀テック"," (PS.PS2.DC.GB.W98.AC.ETC)　徹萬",,"〒162-0801　東京都新宿区山吹町346-6　日新ビル５Ｆ　　03(5229)8520","[]","[]","http://www.taxan.co.jp/","jp","Japan","JP"
,"カクテルソフト"," (W98)　プリンセスメモリー",,"〒169-0075　東京都新宿区高田馬場3-3-3　ＮＩＡビル４Ｆ　　03(3365)6755","[]","[]","http://www.fandc.co.jp/products/prod_cock.html","jp","Japan","JP"
,"ＣＡＧＥ"," (W98)　しっぽのきもち<br>",,"〒171-0014　東京都豊島区池袋4-6-5　近藤ビル1F<br><br>","[]","[]","http://www.runesoft.co.jp/cage/","jp","Japan","N/A"
,"カスタムソフトウェア"," (W98)　ゆ・う・え・ん・ち<br>",,"〒177-0044　東京都練馬区上石神井1-23-6-201<br><br>","[]","[]","http://www.custom-jp.net/software/","net",,"JP"
,"ガスト"," (PS.PS2.AC.ETC)　マリーのアトリエ",,"〒380-0824　長野市南石堂町1293　　026(224)8300","[]","[]","http://www.gust.co.jp/","jp","Japan","JP"
,"カゼ"," (PS.GB.W98.AC)　ラストグラディエーターズ",,"〒107-0062　東京都港区南青山7-8-1　小田急南青山ビル３Ｆ　　03(3797)0350","[]","[]","http://kazenet.com/kaze/","com",,"US"
,"ガッツ"," (W98)　Cherry Works",,"〒120-0036　東京都足立区千住仲町32-6　１Ｆ","[]","[]","http://www.guts.co.jp/","jp","Japan","JP"
,"角川書店"," (PS.PS2.DC.W98)　ルナ",,"〒102-8177　東京都千代田区富士見2-13-3　　03(3238)8411","[]","[]","http://www.kadokawa.co.jp/","jp","Japan","JP"
,"カネコ"," (PS.AC.ETC)　ひざの上の同居人（パートナー）",,"〒181-0013　東京都三鷹市下連雀3-34-4　第２にのたかビル　　0422(71)7811","[]","[]","http://www.kanekosystem.co.jp/","jp","Japan","N/A"
,"カプコン"," (PS.PS2.DC.N64.W98.AC)　ストリートファイターシリーズ",,"〒540-0037　大阪市中央区内平野町3-1-3　　06(6920)3603","[]","[]","http://www.capcom.co.jp/","jp","Japan","JP"
,"カルチャーブレーン"," (PS.PS2.DC.N64.GB.W98.AC)　飛龍の拳シリーズ",,"〒130-0012　東京都墨田区太平3-11-11　　03(3829)0862","[]","[]","http://www.culturebrain.co.jp/","jp","Japan","JP"
,"ガンバリオン"," <br><br> (W98.PS.PS2.GC.GB)　バトローラーエックス",,"<br>〒810-0005　福岡県福岡市中央区清川2-17-15　トミソービル6F ","[]","[]","http://www.ganbarion.co.jp/","jp","Japan","JP"
,"ＧＵＮＧ－ＨＯ！"," (W98)　グリーングリーン<br>",,"〒343-0045　埼玉県越谷市下間久里728-1<br><br>","[]","[]","http://www.gung-ho.co.jp/","jp","Japan","N/A"
,"ＫＥＹ"," (W98)　ＡＩＲ",,"〒530-0044　大阪市北区東天満2-1-27　東天満パークビル８Ｆ　　06(6355)2001","[]","[]","http://key.visualarts.gr.jp/","jp","Japan","JP"
,"戯画"," (W98)　ハーレムブレイド２ -Dark angel-",,"〒530-0037　大阪市北区松ヶ枝町1-3　高栄松ヶ枝ビル　　0120(30)1067","[]","[]","http://www.web-giga.com/","com",,"JP"
,"ＫＩＳＳ"," (GBA,XBOX)　トライアングル・アゲイン<br> 東京都武蔵野市中町2-5-3<br><br> (W98)　カスタム奴隷",,"〒150-0001　東京都渋谷区神宮前4-2-17　ホワイトビル４Ｆ","[]","[]","http://www.iris.dti.ne.jp/~kisskiss/","jp","Japan","JP"
,"キッド"," (PS.DC.GB.W98.ETC)　バーチャコールＳ",,"〒140-0011　東京都品川区大井2-13-18　ケイヒン東大井ビル６Ｆ　　03(5493)2700","[]","[]","http://www.kid-game.co.jp/","jp","Japan","JP"
,"キットピーク"," (ETC)　Racing Days",,"〒108-0075　東京都港区港南4-1-10-1202　　03(5461)4805","[]","[]","http://www.kittpeak.co.jp/","jp","Japan","JP"
,"<a href=""http://web.archive.org/web/20070224030339/http://www.gaga.co.jp/"">ギャガ・コミュニケーションズ</a>"," (PS.PS2.W98)　FINALIST",,"〒106-0032　東京都港区六本木3-16-35　イースト六本木ビル　　03(3589)7500","[]","[]","http://www.gaga.co.jp/","jp","Japan","JP"
,"ＣＡＴ　ＷＡＬＫ"," (W98)　デミウルゴスの娘<br>",,"〒530-0044　大阪府大阪市北区東天満2-1-27　東天満パークビル8F　06(6355)2001<br><br>","[]","[]","http://catwalk.product.co.jp/","jp","Japan","JP"
,"キャビア",,,"〒153-0063　東京都目黒区目黒2-10-11　目黒山手プレイス9F 03(5436)7231","[]","[]","http://www.cavia.com/","com",,"JP"
,"キャメロット"," (PS.N64.GB)　マリオゴルフ６４",,"〒160-0022　東京都新宿区新宿1-28-15　ＳＲ新宿ビル３Ｆ　　03(3341)7759","[]","[]","http://www.camelot.co.jp/","jp","Japan","JP"
,"キャラメルポット"," (DC)　ゴーレムのまいご",,"〒812-0018　福岡市博多区住吉1-2-25　キャナルシティ博多ビジネスセンター","[]","[]","http://www.caramelpot.co.jp/","jp","Japan","N/A"
,"Ｃａｒｒｉ’ｅｒｅ"," (W98)　心輝桜<br>",,"〒176-0001　東京都練馬区練馬1-6-6　カーサ・ポルタ202号　03(3557)8401<br><br>","[]","[]","http://www.carriere.jp/","jp","Japan","JP"
,"キャンドル"," (W98)　闇色の童話",,"〒170-0013　東京都豊島区東池袋1-35-10　Ｆｕｊｉｔａビル３Ｆ","[]","[]","http://www.r18game.net/candle/","net",,"N/A"
,"キューティーリソース"," (W98)　放課後恋愛クラブ",,"〒982-0011　宮城県仙台市太白区長町1-2-11　チビッコビル３Ｆ","[]","[]","http://www.qt-resource.co.jp/","jp","Japan","N/A"
,"キュアキューブ"," (W98)　アルバムの中の微笑み",,"〒150-0031　東京都渋谷区桜丘町3-2　第３野口ビル５０１　　03(5456)9146","[]","[]","http://www.sanynet.ne.jp/~petit/cc/cc_main.htm","jp","Japan","JP"
,"キングレコード"," (PS.GB)　フィッシング甲子園",,"〒112-0013　東京都文京区音羽1-2-3　　03(3945)2127","[]","[]","http://www.kingrecords.co.jp/","jp","Japan","JP"
,"クールキッズ"," (PS.W98.ETC)　くるくるぱにっく",,"〒160-0022　東京都新宿区新宿1-18-14　廣田ビル２Ｆ　　03(5269)3323","[]","[]","http://www.eurus.dti.ne.jp/~koolkizz/","jp","Japan","JP"
,"クインテット"," (PS)　PLANET LAIKA",,"〒215-0034　神奈川県川崎市麻生区南黒川11-2","[]","[]","http://www.quintet.co.jp/","jp","Japan","JP"
,"空想科学"," (PS)　ザ・ゲームメーカー",,"〒350-0233　埼玉県坂戸市南町3-2　　0492(82)5120","[]","[]","http://www.kuusou.co.jp/","jp","Japan","JP"
,"クエスト"," (PS.DC.N64.GB)　オウガバトル",,"〒154-0024　東京都世田谷区三軒茶屋2-2-16　ＹＫビル３Ｆ　　03(3422)8551","[]","[]","http://www.quest-kk.com/","com",,"JP"
,"ＱＵＡＲＴＩＣ",,,"〒166-0004　東京都杉並区阿佐谷南3-49-2　美鶴ビル3F　03(5347)2071<br><br>","[]","[]","http://www.quartic.co.jp/","jp","Japan","JP"
,"クライマックス"," (PS.DC.ETC)　ＲＵＮＡＢＯＵＴ",,"〒160-0004　東京都新宿区四谷4-3-12　四谷４丁目ビル８Ｆ　　03(3225)3512","[]","[]","http://www.climax.co.jp/","jp","Japan","N/A"
,"クラウド"," (W98)　同心　～三姉妹のエチュード～",,"〒060-0056　札幌市中央区南6条東1丁目　Ｋ＆Ｙビル３Ｆ　　011(520)8881","[]","[]","http://www.hs-crowd.co.jp/","jp","Japan","JP"
,"グラスホッパー・マニファクチュア"," (PS.PS2)　シルバー事件",,"〒166-0004　東京都杉並区阿佐谷南1-8-5　ＯＳＡＷＡビル４Ｆ　　03(5305)7201","[]","[]","http://www.grasshopper.co.jp/","jp","Japan","JP"
,"クラップハンズ"," (PS.PS2)　みんなのＧＯＬＦ３<br>",,"〒220-0004　神奈川県横浜市西区北幸1-11-15　横浜ＳＴビル7F","[]","[]","http://www.claphanz.co.jp/","jp","Japan","JP"
,"グラフィックス"," (W98)　異神伝心",,"〒500-8354　岐阜市六条福寿町5-16　ＩＤＳＳ２Ｆ　　058(277)0953","[]","[]","http://www.grafix-soft.com/","com",,"JP"
,"クラフトハイル"," (W98)　LOVE LOVE SHOW",,"〒167-0053　東京都杉並区西荻南4-20-7　マイン西荻２０８","[]","[]","http://www.kraftheil.com/","com",,"N/A"
,"クラフトワーク"," (W98)　さよならを教えて　～comment te dire adieu～",,"〒530-0044　大阪市北区東天満2-1-27　東天満パークビル８Ｆ　　06(6355)2001","[]","[]","http://craftwork.product.co.jp/","jp","Japan","JP"
,"グランブルー"," (W98)　悦楽の終日",,"〒001-0029　札幌市北区北29条西6-2-15　　011(746)6345","[]","[]","http://www.bekkoame.ne.jp/ro/grandblue/","jp","Japan","JP"
,"クリアブルーコミュニケーションズ"," (W98)　奏　～カナデ～<br>",,"〒171-0021　東京都豊島区西池袋2-36-11　ソフトタウンニュー池袋1103号<br><br>","[]","[]","http://www.digicomiket.com/","com",,"JP"
,"<a href=""http://web.archive.org/web/20070224030339/http://www.light.gr.jp/"">グリーンウッド</a>"," (W98)　Ｗｈｉｔｅ　Ａｎｇｅｌ",,"〒181-0014　東京都三鷹市野崎1-4-25　ＡＮＮＥＸ．Ｙ１０１　　0422(40)6820","[]","[]","http://www.light.gr.jp/","jp","Japan","JP"
,"<a href=""http://web.archive.org/web/20070224030339/http://www.mina.com/"">クリエイティブオフィス ＭＩＮＡ</a>"," (PS.W98)",,"〒180-0004　東京都吉祥寺東町1-19-3　メゾン・デ・フルール１０１　　0422(20)6455","[]","[]","http://www.mina.com/","com",,"US"
,"クルマレテル"," (W98)　チューして...",,"〒530-0044　大阪市北区東天満2-1-27　東天満パークビル８Ｆ　　06(6355)2001","[]","[]","http://kur-mar-ter.product.co.jp/","jp","Japan","JP"
,"クレスト"," (W98)　Alpha Strike",,"〒154-0004　東京都世田谷区太子堂1-15-6　橋本ビル　　03(3418)5993","[]","[]","http://www.crest-cs.co.jp/","jp","Japan","JP"
,"クレスト・ワークス"," (PS.PS2.GC.GBA.XB)　",,"〒170－0073　東京都豊島区東池袋3-10-6　加藤第6ビル　3階","[]","[]","http://www.crest-w.jp/","jp","Japan","N/A"
,"クレフ　インベンション"," (PS.W98.ETC)　ＣＡＬＣＯＬＯ！　～カルコロ！おちものシューティング～",,"〒812-0013　福岡市博多区博多駅東2-14-1　スフィンクスセンター７Ｆ　　092(412)0902","[]","[]","http://www.clef.co.jp/","jp","Japan","JP"
,"クローバー"," (W98)　ぷにぷにはんどメイド",,"〒166-0012　東京都杉並区和田1-11-4","[]","[]","http://www.clover.gr.jp/","jp","Japan","N/A"
,"Ｃｒｏｎｕｓ"," (PS.PS2.DC.GBA.XBOX)　Innocent Tears<br> 東京都武蔵野市吉祥寺東町1丁目11番20号　鴨下ビル3F　0422(23)8720 (W98)　ＤＥＥＰ　ＶＯＩＣＥ<br> (W98)　Nursery Song<br>",,"〒151-0051　東京都渋谷区千駄ケ谷5-26-5　代々木シティホームズ1103号室<br><br>","[]","[]","http://www.agree.co.jp/cherrysoft/cronus/","jp","Japan","N/A"
,"ケー・ティ・ファクトリー"," (W98)　Ｄ ～その景色の向こう側～",,"〒160-0022　東京都新宿区新宿5-13-5　シーダァービル３Ｆ　　03(3355)7991","[]","[]","http://www.ktfactory.co.jp/","jp","Japan","JP"
,"ゲームアーツ"," (PS.PS2.DC)　グランディア",,"〒171-0022　東京都豊島区南池袋2-9-9　第一池袋ホワイトビル７Ｆ　　03(3984)1136","[]","[]","http://www.gamearts.co.jp/","jp","Japan","JP"
,"ゲームスタジオ"," (N64.GB.ETC)　エアーズアドベンチャー",,"〒150-0001　東京都渋谷区神宮前6-12-23　原宿山田ビル７Ｆ　　03(3498)8491","[]","[]","http://www.gamestudio.co.jp/","jp","Japan","JP"
,"ゲームフリーク"," (PS.GB)　ポケットモンスター",,"〒155-0031　東京都世田谷区北沢1-40-6　カシワサード５Ｆ　　03(3467)4387","[]","[]","http://www.gamefreak.co.jp/","jp","Japan","JP"
,"Ｋ＆Ｍセイルネットワーク"," (W98)　ＲａｉｎｙＢｌｕｅ ～６月の雨～",,"〒600-8029 京都市下京区寺町通五条上ル西橋詰町775-1 京商五条ビル２Ｆ　","[]","[]","http://web.kyoto-inet.or.jp/org/ran_soft/","jp","Japan","JP"
,"ケイエスエス"," 　075(365)3368 　　　　　　　 (PS.GB.W98)　無人島物語",,"〒141-0031　東京都品川区西五反田1-21-8　　03(5434)5111","[]","[]","http://www.kss-inc.co.jp/","jp","Japan","N/A"
,"ゲイトワークス"," (W98)　幻死狩り",,"〒171-0014　東京都豊島区池袋3-54-7　ＦＭ-７ビル１Ｆ　　03-5957-3866","[]","[]","http://www.gateworks.co.jp/pias/","jp","Japan","N/A"
,"ケイブ"," (PS.AC)　峠ＭＡＸ２",,"〒162-0833　東京都新宿区箪笥町13　グローバル新神楽坂　　03(5261)4561","[]","[]","http://www.cave.co.jp/","jp","Japan","JP"
,"戯作座"," (W98)　ＩＮＧ",,"〒150-0002　東京都渋谷区渋谷2-19-20　宮益坂岡ビル９Ｆ　　03(5485)1223","[]","[]","http://www.gesakuza.co.jp/","jp","Japan","JP"
,"ゲットアイン"," (W98)　紅涙",,"〒556-0006　大阪市浪速区日本橋東3-3-28　　06(6630)5863","[]","[]","http://www.get-ain.co.jp/","jp","Japan","N/A"
,"ケロＱ"," (W98)　終の空",,"〒292-0082　千葉市花見川区検見川町3-417　　043(298)4678","[]","[]","http://www.ax.sakura.ne.jp/~keroq/ ","jp","Japan","JP"
,"元気"," (PS.PS2.DC.N64.W98)　首都高バトル",,"〒169-0072　東京都新宿区大久保2-4-12　新宿ラムダックスビル５Ｆ　　03(3200)4771","[]","[]","http://www.genki.co.jp/","jp","Japan","JP"
,"コーエー"," (PS.PS2.DC.N64.GB.W98.ETC)　信長の野望",,"〒223-8503　神奈川県横浜市港北区箕輪町1-18-12　　045(564)3111","[]","[]","http://www.koei.co.jp/","jp","Japan","JP"
,"工画堂スタジオ"," (PS.W98)　火星計画２",,"〒166-0002　東京都杉並区阿佐ヶ谷北2-3-16　吉川ビル　　03(5373)0195","[]","[]","http://www.kogado.com/","com",,"JP"
,"ココナッツジャパンエンターテイメント"," (PS.N64.GB.W98)　パチ夫くん",,"〒150-0001　東京都渋谷区神宮前5-46-4　９５ル・パラココナッツビル　　03(3486)8000","[]","[]","http://www.coconuts.co.jp/","jp","Japan","JP"
,"コスモスコンピュータ"," (W98)　レジオナル・パワー",,"〒332-0034　埼玉県川口市並木2-34-2　　048(258)4041","[]","[]","http://www.cosmos.co.jp/cosmos/","jp","Japan","N/A"
,"コト"," (ETC)　ＧＵＮＰＥＹ",,"〒604-8185　京都市中京区車屋町通二条下ル　　075(212)0321","[]","[]","http://www.koto.co.jp/","jp","Japan","JP"
,"コトブキシステム"," (N64.GB)　トップギア",,"〒737-0045　広島県呉市本通2-6-3　呉商工会議所ビル５Ｆ　　0823(21)3300","[]","[]","http://www.enjoy.ne.jp/~k-kemco/","jp","Japan","JP"
,"コナミ"," (PS.PS2.DC.N64.GB.W98.AC)　ときめきメモリアル",,"〒105-0001　東京都港区虎ノ門4-3-1　　03(3432)5678","[]","[]","http://www.konami.co.jp/","jp","Japan","JP"
,"ゴンゾ"," (PS.DC.W98)　ゲートキーパーズ",,"〒167-0033　東京都杉並区清水1-8-4　タガミサンビューティービル３Ｆ　　03(5347)0380","[]","[]","http://www.gonzo.co.jp/","jp","Japan","JP"
,"コンテンツ"," (PS.PS2)　<br>",,"〒101-0044　東京都千代田区鍛冶町2-2-3　第3櫻井ビル4F　03(3253)0801<br><br>","[]","[]","http://www.con102.co.jp/","jp","Japan","N/A"
,"ゴンドラ"," (W98)　誘拐　～令嬢調教～　　",,"〒194-0045　東京都町田市南成瀬1-2-2　ＭＳセンタービル４Ｆ","[]","[]","http://home.catv.ne.jp/dd/gondla/main.html","jp","Japan","JP"
,"コンパイル"," (PS.PS2.DC.N64.GB.W98.AC.ETC)　ぷよぷよ",,"〒359-1141　埼玉県所沢市小手指町1-21-13-煉瓦館109-B1F　　042(920)2280","[]","[]","http://www.compile.co.jp/","jp","Japan","JP"
,"サーカス"," <b><font size=""+2""><a name=""s"">サ</a> </font></b> (W98)　Ａｒｉｅｓ",,"〒346-0016 埼玉県久喜市東6-2-21-103","[]","[]","http://www.nandemo.gr.jp/~circus/","jp","Japan","JP"
,"ＳＵＲＧＥ　ＳＰＡＣＥ",,,"〒115-0055　東京都北区赤羽西1-33-3-1903<br><br>","[]","[]","http://www.surgespace.com/","com",,"JP"
,"サイオ"," (W98.ETC)　ギャルパニⅡ",,"〒105-0014　東京都港区芝3-24-3　サントラビル４Ｆ　　03(5443)4501","[]","[]","http://www.scio.co.jp/","jp","Japan","JP"
,"サイク"," <br><br> (W98)　神愛",,"〒810-0073　福岡市中央区舞鶴1-6-1 ラフォーレ舞鶴402号　　092(737)7173","[]","[]","http://www.cyc-soft.co.jp/","jp","Japan","N/A"
,"サイク・ロゼ"," (W98)　薔薇ノ木ニ薔薇ノ花咲ク",,"〒810-0073　福岡市中央区舞鶴1-6-1 ラフォーレ舞鶴402号　　092(737)7173","[]","[]","http://rose.cyc-soft.jp/","jp","Japan","JP"
,"彩京"," (PS.DC.AC.ETC)　ガンバード",,"〒164-0011　東京都中野区中央5-8-5　オースミビル２Ｆ　　03(5340)8768","[]","[]","http://www.psikyo.co.jp/","jp","Japan","N/A"
,"サイバーワークス"," <br><br> 福岡県福岡市博多区博多駅東１丁目１番３３号　はかた近代ビル５階 (W98)　ソーサレス・エンパイア",,"〒532-0011　大阪市淀川区西中島7-8-17　花原第５ビル９０１号室　　06(6838)2021","[]","[]","http://www.cyberworks.co.jp/","jp","Japan","JP"
,"彩文館出版"," (W98)　光を・・・",,"〒162-0805　東京都新宿区矢来町114　高橋ビル３Ｆ　　03(3235)8071","[]","[]","http://www.saibunkan.co.jp/","jp","Japan","JP"
,"サイベル"," (PS.DC.W98)　センチメンタルグラフティ２",,"〒141-0031　東京都品川区西五反田7-16-1　アーベイン広末ビル２Ｆ　　03(3490)6930","[]","[]","http://www.cybelle.co.jp/","jp","Japan","N/A"
,"サイレンス"," (PS.DC.W98)　ＶＩＰＥＲ",,"〒167-0052　東京都杉並区南荻窪1-22-15　ＳＳビル　　03(5370)7672","[]","[]","http://www.silence.co.jp/","jp","Japan","JP"
,"ザウス"," (W98)　Ｅｌｉｓｅ ～エリーゼ～",,"〒111-0034　東京都台東区雷門1-16-4　立花国際ビル６Ｆ　　03(5826)7652","[]","[]","http://www.xuse.co.jp/","jp","Japan","JP"
,"ＳＯＵＮＤ　ｔａｉｌ"," (W98)　カラフルＢＯＸ<br>",,"〒176-0005　東京都練馬区旭丘1-56-1　サンむさしビル2F　03-5988-8952<br><br>","[]","[]","http://www.soundtail.co.jp/","jp","Japan","N/A"
,"サガプラネッツ"," (W98)　罪と罰",,"〒530-0044　大阪市北区東天満2-1-27　東天満パークビル８Ｆ　　06(6355)2001","[]","[]","http://sagaplanets.product.co.jp/","jp","Japan","JP"
,"サクセス"," (PS.PS2.GB.W98.AC)　あのこどこのこ",,"〒141-0031　東京都品川区西五反田7-9-5　成栄ビル２Ｆ・３Ｆ　　03(5740)7600","[]","[]","http://www.success-corp.co.jp/","jp","Japan","JP"
,"サクノス"," (PS.ETC)　クーデルカ",,"〒106-0047　東京都港区南麻布4-5-48　広尾アルファビル３Ｆ　　03(3280)4561","[]","[]","http://www.sacnoth.co.jp/","jp","Japan","N/A"
,"さくらソフト"," (W98)　明日世界が終わる夜に",,"〒660-0077　兵庫県尼崎市大庄西町4-14-8-306","[]","[]","http://homepage1.nifty.com/sakura_soft/sakura/index.htm","com",,"JP"
,"さくらねこ"," (W98)　逢魔ぷち怪討伝",,"〒188-0012　東京都西東京市南町4-10-3　高田ビル201号","[]","[]","http://www.sakuraneko.com/","com",,"US"
,"ＳＵＣＣＵＢＵＳ"," (W98)　new　～メイドさんの学校～<br>",,"〒171-0022　東京都豊島区南池袋3-18-40　SHIMAビル3F<br><br>","[]","['SHIMA']","http://www.succubus.gr.jp/","jp","Japan","N/A"
,"鯖"," (W98)　しるくど～ろ",,"〒183-0036　東京都府中市日新町4-25-10　　042(352)4779","[]","[]","http://saba.to/","to","Tonga","N/A"
,"サミー"," (PS.PS2.DC.GB.N64.W98.AC.ETC)　実戦パチンコ必勝法！",,"〒170-8436　東京都豊島区東池袋2-23-2　　03(5950)3790","[]","[]","http://www.sammy.co.jp/","jp","Japan","JP"
,"サラマンダー・ファクトリー"," (PS.DC.GB.W98.ETC)　クライマックスランダース",,"〒169-0073　東京都新宿区百人町1-22-19　筒井ビル２－２Ｆ　　03(5338)3291","[]","[]","http://www.salamander.co.jp/","jp","Japan","JP"
,"ＳＡＲＡＮＧ"," (W98)　月光曲～Clair de Lune<br>",,"〒188-0011　東京都西東京市田無町1-4-9 パレス田無2 1F<br><br>","[]","[]","http://www.b-i-g.co.jp/","jp","Japan","JP"
,"サンテックジャパン"," (ゲームサウンド制作)　 (W98)　みんと ～かすかに香る風を感じて～",,"〒296-0001　千葉県鴨川市横渚907　　0470(93)6681","[]","[]","http://stjp.com/knight/","com",,"US"
,"サン電子"," (PS.PS2.DC.GB.N64.W98.AC.ETC)　上海",,"〒483-8555　愛知県江南市故知野町朝日250　　0587(55)2201","[]","[]","http://www.sun-denshi.co.jp/","jp","Japan","JP"
,"三和電子"," (ETC)　アミューズメント用機器・景品",,"〒173-0034　東京都板橋区幸町20-15　　03(3959)6611","[]","[]","http://www.sanwa-d.co.jp/","jp","Japan","JP"
,"シーエイプロダクション"," (PS.SS)　ｂ.ｌ.ｕ.ｅ.",,"〒856-0026　長崎県大村市池田２丁目２９８番地４　　0957-52-5771","[]","[]","http://www.caproduction.co.jp/","jp","Japan","JP"
,"ＣＳＫ"," (W98.AC)　占都物語その１",,"〒163-0227　東京都新宿区西新宿２-６-１　新宿住友ビル　　03-3344-1811","[]","[]","http://www.csk.co.jp/index.html","jp","Japan","JP"
,"ＣＳＫ総合研究所"," (DC)　エアロダンシング",,"〒150-0002　東京都渋谷区渋谷1-12-1　ネクストコムビル２Ｆ　　03(5464)6711","[]","[]","http://www.cric.co.jp/","jp","Japan","N/A"
,"ジーク"," (PS.DC)　反射でスパーク",,"〒232-0064　横浜市南区別所1-2-13　斉藤紙器ビル２Ｆ　　045(731)8171","[]","[]","http://www.sieg.co.jp/","jp","Japan","JP"
,"ジークレスト"," (ETC)　トリックスター",,"〒150-0013　東京都渋谷区恵比寿1-19-15　ウノサワ東急ビル７Ｆ　","[]","[]","http://www.gcrest.com/","com",,"JP"
,"Ｇ－ｃｌｅｆ"," (W98)　Silvern～銀の月、迷いの森～<br>",,"〒530-0044　大阪府大阪市北区東天満2-1-27　東天満パークビル8F　06(6355)2001<br><br>","[]","[]","http://g-clef.product.co.jp/","jp","Japan","N/A"
,"Ｇ－Ｃｒａｚｙ"," (W98)　穴座悪奴 ～another world～",,"〒600-8029　京都市下京区寺町通五条上ル西橋詰町775-1　京商五条ビル２Ｆ","[]","[]","http://www.netlaputa.ne.jp/~vtx-tk/g-crazy/","jp","Japan","JP"
,"シーズウェア"," 　　075(365)3368 (W98)　EVE burst error 95",,"〒336-0012　埼玉県浦和市岸町7-5-21　１Ｆ　　048(830)0036","[]","[]","http://www.csware.co.jp/","jp","Japan","N/A"
,"<a href=""http://web.archive.org/web/20070224030339/http://www.gtvnet.co.jp/"">ＧＴＶ</a>"," (PS)　2999年のゲーム・キッズ",,"〒162-0818　東京都新宿区築地町4番地　神楽坂テクノスビル３Ｆ　　03(3260)0151","[]","[]","http://www.gtvnet.co.jp/","jp","Japan","JP"
,"シーディーブロス"," (W98)　尽くしてあげちゃう",,"〒108-0023　東京都港区芝浦2-15-16　田町ＫＳビル３Ｆ　　03(5445)2660","[]","[]","http://trb.cd-bros.co.jp/","jp","Japan","N/A"
,"シー・ラボ"," (PS.DC.GB.W98.ETC)　レッツ＆ゴー",,"〒180-0004　東京都武蔵野市吉祥寺本町1-35-14　　0422(23)7361","[]","[]","http://www.c-lab.co.jp/","jp","Japan","JP"
,"Ｊ＆Ｍ’ｓ"," （スロット・パチンコ）<br>",,"〒486-0912　愛知県春日井市高山町2-24-1　　0568(36)2148","[]","[]","http://www.j-and-ms.co.jp/","jp","Japan","N/A"
,"ジェイウィング"," <br><br> (PS.GB)　あにまるぶり～だ～",,"〒115-0051　東京都北区浮間1-7-4　　03(5916)7321","[]","[]","http://www.jwing.co.jp/","jp","Japan","N/A"
,"Ｊ・ＮＯＤＥ"," (PS2.GC)　バトル封神<br> 東京都渋谷区笹塚1-54-7　KSビルヂング8F<br><br> (W98)　鬼神草紙 (W98)　おしえて　お兄ちゃん先生<br>",,"〒101-0021　東京都千代田区外神田6-6-1　斎藤ビル3F　03(5812)6510<br><br>","[]","[]","http://www.j-node.co.jp/","jp","Japan","N/A"
,"ジェネラル・サポート"," (W98)　激闘！八八艦隊海戦史ＤＸ<br>",,"〒144-0032　東京都大田区北糀谷2-15-25　東栄ビル202　03-5705-8932","[]","[]","http://www.general-support.co.jp/","jp","Japan","JP"
,"Ｊｅｌｌｙｆｉｓｈ"," (W98)　ＬＯＶＥＲＳ　～恋に落ちたら…～<br>",,"〒176-0023　東京都練馬区中村北2-6-10　三田中村橋第二コーポ510<br><br>","[]","[]","http://www.jellyfish-pc.com/","com",,"JP"
,"シグナルトーク・コーポレーション"," (PC)　Maru-Jan<br>",,"〒144-0047　東京都大田区萩中2-15-16-101<br><br>","[]","[]","http://www.signaltalk.com/","com",,"JP"
,"シグマ"," (W98.AC.ETC)　ザ・ダービー",,"〒150-0011　東京都渋谷区東3-14-15　ＭＯビル　　03(3486)1321","[]","[]","http://www.sigma.co.jp/","jp","Japan","N/A"
,"シスコンエンタテイメント"," (PS.DC.N64.GB.W98)　Ｇ・Ｔ・Ａ",,"〒111-0036　東京都台東区松が谷1-3-5　ＳＥＦビル７Ｆ　　03(5826)7770","[]","[]","http://www.syscom.co.jp/","jp","Japan","JP"
,"システムソフト"," (W98)　マスターオブモンスターズ",,"〒810-0001　福岡市中央区天神3-10-30　　092(714)6236","[]","[]","http://www.systemsoft.co.jp/","jp","Japan","JP"
,"システムロゼ"," (W98)　ＣｒｏｓｓＨｅｌｉｘ",,"〒171-0014　東京都豊島区池袋3-66-4　フラット恵潤００１号室","[]","[]","http://www.rose.gr.jp/","jp","Japan","N/A"
,"ＺｙＸ"," (W98)　出血簿<br>",,"〒108-0023　東京都港区芝浦2-17-13-3F　03(3452)0750<br>","[]","[]","http://www.zyx-game.co.jp/","jp","Japan","JP"
,"ジックスチャリート"," (W98)　淫内感染２　鳴り止まぬナースコール",,"〒108-0023　東京都港区芝浦2-17-13　３Ｆ　　03(3452)0750","[]","[]","http://www.zyx-game.co.jp/","jp","Japan","JP"
,"シノミクス"," (GC.GB.ETC)　 (PS.PS2.W98)　アクアゾーン",,"〒150-0013　東京都渋谷区恵比寿1-13-6　恵比寿ＩＳビル５Ｆ　　03(5447)6430","[]","[]","http://www.cinomix.com/","com",,"US"
,"ジプシー"," (W98)　繭～雪のナイフ～<br>",,"〒299-0117　千葉県市原市青葉台7-8-15　0436(61)1197<br><br>","[]","[]","http://www.pale-aqua.com/gipsy/","com",,"JP"
,"シムス"," (DC.ETC)　サクラ大戦帝撃グラフ",,"〒150-0002　東京都渋谷区渋谷1-12-1　ネクストコムビルＢ１Ｆ　　03(5467)4011","[]","[]","http://www.sims.co.jp/","jp","Japan","JP"
,"大熊猫"," (W98)　まじかるＬＯＶＥレッスン<br>",,"〒530-0044　大阪府大阪市北区東天満2-1-27　東天満パークビル8F　06(6355)2001<br><br>","[]","[]","http://giantpanda.product.co.jp/","jp","Japan","N/A"
,"ジャスト"," (W98.ETC)　天使達の午後",,"〒156-0051　東京都世田谷区宮坂3-10-7　ＹＭＴビル３Ｆ　　03(3706)9766","[]","[]","http://www.cyborg.ne.jp/~jast/","jp","Japan","JP"
,"<a href=""http://web.archive.org/web/20070224030339/http://www.chatnoir.co.jp/"">シャノアール</a>"," (PS.W98.ETC)　麻雀悟空",,"〒158-0081　東京都世田谷区深沢5-15-15　　03(3702)0851","[]","[]","http://www.chatnoir.co.jp/","jp","Japan","US"
,"ジャンガリアン"," (W98)　<br> 東京都新宿区高田馬場4-8-4　ＯＲＡＧＡビル8F<br><br> (W98)　狩人",,"〒101-0065　東京都千代田区西神田2-5-9　ＨＩビル３Ｆ　　03(3221)1974","[]","[]","http://www.jungarian.com/","com",,"N/A"
,"シャングリ・ラ"," (PS.DC.W98)　競馬エイト",,"〒183-0015　東京都府中市清水が丘1-1-3　第一勇心ビル５Ｆ　　042(360)7000","[]","[]","http://www.shangrila.co.jp/","jp","Japan","JP"
,"ジャングル"," (PS.DC.GB.W98)",,"〒222-0033　横浜市港北区新横浜2-6-13　新横浜ステーションビル９Ｆ　　045(470)0757","[]","[]","http://www.j98.co.jp/","jp","Japan","N/A"
,"１３ｃｍ"," (W98)　檸檬",,"〒530-0047　大阪市北区西天満5-1-5　西天満パークビル２号館６Ｆ　　06(6360)6210","[]","[]","http://13cm.product.co.jp/","jp","Japan","N/A"
,"秀和システム"," (PS.W98)　グラニュー島大冒険",,"〒107-0032　東京都港区南青山1-26-1　　03(3470)4941","[]","[]","http://www.shuwasystem.co.jp/","jp","Japan","JP"
,"シュガーアンドロケッツ"," (PS.PS2)　Ｉ.Ｑシリーズ",,"〒164-0011　東京都中野区中央1-38-1","[]","[]","http://www.sugar-rockets.co.jp/","jp","Japan","N/A"
,"シュピール"," (W98)　",,"〒144-0054　東京都大田区新蒲田1-12-6","[]","[]","http://www.spielsoft.co.jp/","jp","Japan","JP"
,"ジュピター"," (PS.GB.ETC)　わがまま☆フェアリーミルモでポン！",,"〒612-8368　京都市伏見区周防町331番地16　　075(604)0200","[]","[]","http://www.jupiter.co.jp/","jp","Japan","JP"
,"ショウエイシステム"," (PS.N64.GB.W98.ETC)　HEIWAパチンコワールド",,"〒113-0033　東京都文京区本郷3-42-5　ボア本郷１０Ｆ　　03(5689)8440","[]","[]","http://www.shouei-sys.co.jp/","jp","Japan","N/A"
,"翔泳社"," (PS.PS2.W98)　精霊召還",,"〒160-0006　東京都新宿区船町5番　ＳＥ船町ビル　　03(5736)3790","[]","[]","http://www.shoeisha.co.jp/","jp","Japan","JP"
,"小学館プロダクション"," (PS.PS2.GB.W98)　卒業Ⅲ",,"〒101-8415　東京都千代田区神田小川町2-12　進興ビル新館　　03(3222)9100","[]","[]","http://www.shopro.co.jp/","jp","Japan","JP"
,"情報企画＆knights"," (ETC)　ゴーストハンターＧＥＴ",,"〒386-0012　長野県上田市中央4-16-7　　0268(23)8087　","[]","[]","http://plaza21.mbn.or.jp/~knights/","jp","Japan","JP"
,"ジョルダン"," (PS.PS2.GB)　１ｏｎ１",,"〒169-0073　東京都新宿区百人町2-27-4　第三吉原ビル５Ｆ　　03(3361)1541","[]","[]","http://www.jorudan.co.jp/","jp","Japan","JP"
,"シリウス"," (W98)　Ｒｅｐｅａｔ ～繰り返される刻そして…",,"〒530-0044　大阪市北区東天満2-1-27　東天満パークビル８Ｆ　　06(6355)2001","[]","[]","http://sirius.product.co.jp/","jp","Japan","JP"
,"シング"," <br><br> (W98)　",,"〒810-8543　福岡市中央区大名2丁目4-5丸美ビル12F　　092-735-7470　　","[]","[]","http://www.cing.co.jp/","jp","Japan","N/A"
,"ジン・コーポレーション"," (W98)　ブッチー博士の間違いのないCD-ROM選び",,"〒106-0032　東京都港区六本木4-12-11　竹丘ビル６Ｆ　　03(3479)0541","[]","[]","http://www.gincorp.co.jp/","jp","Japan","N/A"
,"シンクアーツ"," (PS,PS2,GBA,GB)　<br>",,"〒107-0062　東京都港区南青山2-22-4-103<br><br>","[]","[]","http://www.thinkarts.jp/","jp","Japan","N/A"
,"シンコー・ミュージック"," (PS)　ＳＯＬＤＯＵＴ",,"〒101-8475　東京都千代田区神田小川町2-1　　03(3292)2862","[]","[]","http://www.shinko-music.co.jp/","jp","Japan","JP"
,"<a href=""http://web.archive.org/web/20070224030339/http://www.zoo.co.jp/"">ズー</a>"," (W98)　Ｐ.Ｙ.Ｓ.Ｔ.",,"〒386-1211　長野県上田市下の郷　上田リサーチパーク内　　0268(37)1531","[]","[]","http://www.zoo.co.jp/","jp","Japan","JP"
,"スカイ・シンク・システム"," (ETC)　くるりんＰＡ！",,"〒532-0011　大阪市淀川区西中島5-8-3　新大阪サンアールビル北館５０３号","[]","[]","http://www.sts.co.jp/","jp","Japan","N/A"
,"スカラベスタジオ"," 　　06(6390)6371 (Xbox.PS2.GC)　Final Fantasy Crystal Chronicle",,"<br>〒170-0005　東京都豊島区南大塚1-60-20　協立第三ビル２階　　03(3947)5331","[]","[]","http://www.scarabstudio.com/","com",,"JP"
,"スクアドラ・ディ"," (W98)　ＰＲＩＳＯＮＥＲ<br>",,"〒500-8833　岐阜県岐阜市神田町6-5　徹明町ビル4F<br><br>","[]","[]","http://www.squadrad.gr.jp/","jp","Japan","N/A"
,"スクウェア・エニックス"," (PS.PS2)　ドラゴンクエスト、ファイナルファンタジーシリーズ",,"〒153-8688　東京都目黒区下目黒1-8-1　アルコタワー　　03(5496)7111","[]","[]","http://www.square-enix.co.jp/","jp","Japan","NL"
,"<a href=""http://web.archive.org/web/20070224030339/http://www.scarecrow.co.jp/"">スケアクロウ</a>"," (W98)　Ｄ＋ＶＩＮＥ［ＬＵＶ］",,"〒003-0004　北海道札幌市白石区東札幌4条3-1-5","[]","[]","http://www.scarecrow.co.jp/","jp","Japan","JP"
,"スターフィッシュ"," (PS.PS2.GB.W98)　スーパーブラックバス",,"〒166-0003　東京都杉並区高円寺南4-4-8　亀屋ビル２Ｆ","[]","[]","http://www.iijnet.or.jp/starfish/","jp","Japan","JP"
,"スターライトマリー"," (PS.DC)　エターナルメロディ",,"〒222-0033　横浜市港北区新横浜2-17-2　NARA BUILDING3 ２Ｆ　　045(476)5543","[]","[]","http://www.marry.co.jp/","jp","Japan","JP"
,"Ｓｔｕｄｉｏ　ｅ・ｇｏ！"," (W98)　エーベンブルグの風<br>",,"〒556-0006　大阪府大阪市浪速区日本橋東3-3-28 OWLビル4F<br><br>","[]","[]","http://www.studio-ego.co.jp/","jp","Japan","N/A"
,"スタジオオックス"," (W98)　おねがい！メイド☆ロイド",,"〒176-0025　東京都練馬区中村南3-16-7","[]","[]","http://home.att.ne.jp/red/akane/","jp","Japan","JP"
,"スタジオトリップス"," (W98)　世界が君に夢みてる",,"〒582-0026 大阪府柏原市旭ヶ丘3-11-35-2","[]","[]","http://www5a.biglobe.ne.jp/~studiotr/","jp","Japan","JP"
,"スタジオねこパンチ"," (W98)　Ｍａｉｄ　Ｌｅｓｓｏｎ",,"〒110-0015　東京都台東区東上野1-2-12　　共栄ビル２Ｆ　　03(5688)1651","[]","[]","http://www.din.or.jp/~ewiz/","jp","Japan","JP"
,"STUDiO B-ROOM"," (W98)　ぱらパラ",,"〒167-0051　東京都杉並区荻窪5-16-14　カパラビル８Ｆ　　03(3398)4000","[]","[]","http://www2.raidway.ne.jp/~b_room/","jp","Japan","JP"
,"スタジオフェイク",,,"〒213-0012　神奈川県川崎市高津区坂戸3-2-1　かながわサイエンスパーク西棟２０１　　044(829)3404","[]","[]","http://www.studiofake.co.jp/","jp","Japan","JP"
,"スタジオポラリス"," (W98)　ガングレイブ",,"〒115-0045　東京都北区赤羽1-36-9　コーポあざみ２０１号　　03(3902)0724","[]","[]","http://www.polaris.co.jp/","jp","Japan","JP"
,"すたじおみりす"," (W98)　月陽炎 ～つきかげろう～<br>",,"〒273-0001　千葉県船橋市市場　3-1-13<br><br>","[]","[]","http://studio-miris.com/","com",,"AU"
,"ＳＴＵＤＩＯ　ＭＩＬＫ"," (W98)　<br>",,"〒229-1134　神奈川県相模原市下九沢677-1　042(715)3220<br><br>","[]","[]","http://www.studiomilk.com/","com",,"JP"
,"Ｓｔｕｄｉｏ　Ｍｅｂｉｕｓ"," (W98)　ＳＮＯＷ<br>",,"〒530-0053　大阪府大阪市北区末広町3-13　扇町松島ビル８階<br><br>","[]","[]","http://www.studio-mebius.co.jp/","jp","Japan","N/A"
,"スタジオライン"," (W98)　Septem Charm まじかるカナン",,"〒165-0031　東京都中野区上鷺宮4-15-6　大川ビル２Ｆ・３Ｆ　　03(3825)4169","[]","[]","http://www.st-line.co.jp/","jp","Japan","JP"
,"すたじお緑茶"," (W98)　夏休み（仮）<br>",,"〒165-0027　東京都中野区野方1-28-6-102　「Ｇ２」方　03(5318)4921 <br><br>","[]","[]","http://www.studio-ryokucha.com/","com",,"JP"
,"スタジオ ワンダーエフェクト"," (DC)　バトルビースター",,"〒581-0837　大阪府八尾市緑ヶ丘4-20","[]","[]","http://www.wonder-effect.co.jp/","jp","Japan","JP"
,"スタック"," (W98)　らーじＰＯＮＰＯＮ",,"〒101-0051　東京都千代田区神田神保町1-29　山村ビル２Ｆ","[]","[]","http://www.stacksoft.co.jp/overflow/","jp","Japan","JP"
,"スタンソフトウェア"," (PS.W98.ETC)　ＬＩＮＫＳ",,"〒101-0021　東京都千代田区外神田6-14-8　秋葉原ＭＦビル２８号館　　03(3833)9755","[]","[]","http://www.stan.co.jp/soft/","jp","Japan","JP"
,"スティング"," (PS.DC.GB.W98)　新機世界エヴォリューション",,"〒120-0005　東京都足立区綾瀬3-6-2　ボナール７Ｆ　　03(5616)5791","[]","[]","http://www.sting.co.jp/","jp","Japan","JP"
,"スティングレイ"," (PS)　個人教授",,"〒180-0006　東京都武蔵野市中町1-22-2　ナ","[]","[]","http://www.stingray-jp.com/","com",,"US"
,"タイクーン"," (W98)　魔法の選挙　みらくるコミンテルン<br> 東京都調布市布田1-22-1　パーク・ノヴァ調布205　0424(90)7002<br><br> (PS.DC.GB)　リング",,"〒141-0031　東京都品川区西五反田8-3-6　ＴＫ五反田ビル２Ｆ","[]","[]","http://www.tycoon.co.jp/","jp","Japan","IE"
,"タイトー"," (PS.PS2.DC.N64.GB.AC.ETC)　電車でＧＯ！",,"〒102-8648　東京都千代田区平河町2-5-3　　03(3222)4897","[]","[]","http://www.taito.co.jp/","jp","Japan","JP"
,"太洋堂"," (W98)　究極ＴＩＧＥＲⅡ",,"〒615-0007　京都市右京区西院上花田町8-2　　075(315)8910","[]","[]","http://www.love.co.jp/","jp","Japan","JP"
,"タオヒューマンシステムズ"," (PS.GB.W98)　ゼイラムゾーン",,"〒150-0045　東京都渋谷区渋谷神泉町5-2　　03(5456)2090","[]","[]","http://www.tao21.co.jp/","jp","Japan","N/A"
,"タカラ"," (PS.PS2.N64.GB)　チョロＱ３",,"〒125-8503　東京都葛飾区青戸4-19-16　　03(3603)2133","[]","[]","http://www.takaratoys.co.jp/","jp","Japan","JP"
,"たき工房"," (PS)　バトルマスター",,"〒140-0002　東京都品川区東品川1-25-5　インパクト２　　03(5461)3981","[]","[]","http://www.taki.co.jp/","jp","Japan","JP"
,"タクティクス"," (W98)　夕焼け -November-　",,"〒530-0016　大阪市北区中崎2-1-4　日進第３ビル６Ｆ　　06(6485)0121","[]","[]","http://www.tactics.co.jp/","jp","Japan","JP"
,"拓洋興業"," (PS.DC.W98)　アルグレード",,"〒239-0815　神奈川県横須賀市浦上台3-27-1　　0468(41)6028","[]","[]","http://www.takuyo.co.jp/","jp","Japan","JP"
,"ダットジャパン"," (PS.DC.N64.GB.W98.AC.ETC)　マリオのふぉとぴー",,"〒001-0032　札幌市北区北32条西10-1-7　ダットビル　　011(716)5301","[]","[]","http://www.datt.co.jp/","jp","Japan","JP"
,"辰巳電子工業"," (AC)　Lovegety STATION",,"〒634-0008　奈良県橿原市十市町14","[]","[]","http://www02.so-net.ne.jp/~tatsumi/game/","jp","Japan","N/A"
,"ダブルクロス"," (W98)　犬",,"〒530-0047　大阪市北区西天満1-7-12　トミイビル２Ｆ　","[]","[]","http://www1.odn.ne.jp/d-xx/","jp","Japan","JP"
,"タムソフト"," (W98)　世界ノ全テ<br> 大阪府大阪市中央区大手通2-2-9-504　06(6949)4788<br><br> (PS.DC.AC)　Knight&amp",,"〒111-0032　東京都台東区浅草1-10-2　ＹＳ－１ビル　　03(5828)5592","[]","[]","http://www.tamsoft.co.jp/","jp","Japan","JP"
,"Ｔａｒｔｅ"," (W98)　雪語り<br>",,"〒171-0014　東京都豊島区池袋2-67-1-301　03(5956)3930<br><br>","[]","[]","http://www.tarte.deal.co.jp/","jp","Japan","N/A"
,"丹陽"," (W98)　しゅっぽっぽ",,"〒610-0341　京都市下京区新町通仏光寺上ル船鉾町381-1　　075(351)8756","[]","[]","http://www.picky.or.jp/user/tanyo/","jp","Japan","JP"
,"<a href=""http://web.archive.org/web/20070224030227/http://www.softpal.co.jp/popup/"">ＴＥＡＭ ＰＯＰＵＰ</a>"," (W98)　彼方の森",,"〒556-0005　大阪市浪速区日本橋5-14-20　越前ビル　　06(6644)6470","[]","[]","http://www.softpal.co.jp/popup/","jp","Japan","JP"
,"ちぇりーそふと"," (W98)　ＣＲＡＶＥ×１０<br>",,"〒151-0051　東京都渋谷区千駄ケ谷5-26-5　代々木シティホームズ802号室<br><br>","[]","[]","http://www.cherrysoft.co.jp/","jp","Japan","N/A"
,"Ｃｈａｆｆ"," (W98)　Ｂ．．．．Ｍ．．．．．<br>",,"〒202-0012　東京都西東京市東町3-9-6　第二東町ハイツ405号　0424(38)6133<br><br>","[]","[]","http://www.chaff.ne.jp/","jp","Japan","N/A"
,"チュンソフト"," (PS.PS2.DC.N64.GB.W98)　風来のシレン",,"〒160-0022　東京都新宿区新宿6-24-20　丸増新宿ビル１０Ｆ　　03(5272)1718","[]","[]","http://www.chunsoft.co.jp/","jp","Japan","JP"
,"ツェナワークス"," (PS.GB.W98)　リトルマスター",,"〒152-0033　東京都目黒区大岡山1-31-9　３Ｆ　　03(3723)8877","[]","[]","http://www.zener.co.jp/","jp","Japan","JP"
,"データイースト"," (PS.PS2.DC.GB.W98.AC.ETC)　探偵神宮寺三郎",,"〒167-0052　東京都杉並区南荻窪4-41-10　　03(5370)0715","[]","[]","http://www.dataeast-corp.co.jp/","jp","Japan","N/A"
,"データウエスト"," (PS.W98)　サイキックディテクティヴ",,"〒538-0044　大阪市鶴見区放出東3-8-28　データウエストビル　　06(6968)1236","[]","[]","http://www.datawest.co.jp/","jp","Japan","JP"
,"データムポリスター"," (PS)　ルームメイト ～井上涼子～",,"〒150-0022　東京都渋谷区恵比寿南1-11-1　松本ビル２Ｆ　　03(5721)3233","[]","[]","http://www.datam.co.jp/","jp","Japan","N/A"
,"デービーソフト"," (W98)　FLAPP95",,"〒004-0015　札幌市厚別区下野幌テクノパーク1-1-15　　011(807)6730","[]","[]","http://www.db-soft.co.jp/","jp","Japan","N/A"
,"ディーエムエル"," (PS)　電車大好き　プラレールがいっぱい",,"〒150-0021　東京都渋谷区恵比寿西2-6-6　中田ビル６Ｆ　　03(5489)4410","[]","[]","http://www.geneye.com/","com",,"FR"
,"Ｄ－Ａｎｇｅｌ"," (W98)　君のもとへ…<br>",,"〒167-0053　東京都杉並区西荻南3-22-9　エクセリア西荻窪2F　03(3331)1921<br><br>","[]","[]","http://www.d-angel.jp/","jp","Japan","US"
,"ディーオー"," (W98)　加奈の郵便屋さん",,"〒108-0023　東京都港区芝浦2-14-7　加藤ビル４Ｆ　　03(5433)7701","[]","[]","http://www.do-game.co.jp/","jp","Japan","JP"
,"ディー・クルーズ"," (PS)　プリズムランドストーリー",,"〒144-0033　東京都大田区東糀谷1-14-8　　03(3741)8900","[]","[]","http://www.iijnet.or.jp/jolls/Dcruise/","jp","Japan","JP"
,"Ｄ'ｚ"," (W98)　幽閉",,"〒921-8116　金沢市泉野出町3-11-3　ＮＳビル３Ｆ　　076(280)2538","[]","[]","http://www.dz-net.gr.jp/","jp","Japan","N/A"
,"ディースリー・パブリッシャー"," (PS)　SIMPLE150シリーズ",,"〒150-0001　東京都渋谷区神宮前5-46-2　青山イースト＆ウエスト３Ｆ　　03(5464)1031","[]","[]","http://www.d3p.co.jp/","jp","Japan","JP"
,"ＴＥＡＴＩＭＥ"," (W98)　雪蛍<br>",,"〒221-0802　神奈川県横浜市神奈川区六角橋3-24-4-103　<br><br>","[]","[]","http://www.teatime.ne.jp/","jp","Japan","N/A"
,"ティー・ヅィー"," (W98)　Assenbly",,"〒101-0054　東京都千代田区神田錦町2-5-1　神田坂田ビル５Ｆ","[]","[]","http://www.tzs.co.jp/","jp","Japan","N/A"
,"ディープスペース"," (PS.PS2)　EXTERMINAION",,"〒562-0036　大阪府箕面市船場西3-10-1　　0727(27)5673","[]","[]","http://deepspace.scei.co.jp/","jp","Japan","N/A"
,"ＤＥＥＰ　ＢＬＵＥ"," (W98)　Ｌｏｓｔ　Ｐａｓｓａｇｅ<br>",,"〒150-0012　東京都渋谷区広尾1-1-39　11F<br><br>","[]","[]","http://www.deepblue-soft.com/","com",,"N/A"
,"ティープロジェクトスタジオ"," (W98)　虹のありか",,"〒181-0003　東京都三鷹市北野4-15-6","[]","[]","http://www.teapro.org/","org",,"N/A"
,"ティー・ワイ・オー"," (PS.PS2)　ラブ・ラブトロッコ",,"〒153-0061 東京都目黒区中目黒1-1-71　ニールセンビル４Ｆ","[]","[]","http://www.tyo.co.jp/","jp","Japan","JP"
,"ディーワンダーランド"," <br><br> (PS.PS2.N64.GB.W98)　３Ｄゴルフ",,"〒150-0001　東京都渋谷区神宮前6-17-11　菱進原宿ビル５Ｆ　　03(3407)0701　 ","[]","[]","http://www.tes.co.jp/index.htm","jp","Japan","JP"
,"テイジイエル"," (PS.W98)　ファーランドストーリー",,"〒530-0037　大阪市北区松ヶ枝町1-3　高栄松ヶ枝ビル　　06(6354)8721","[]","[]","http://www.tgl.co.jp/","jp","Japan","JP"
,"ディスクドリーム"," (W98)　夏祭",,"〒104-8691　東京都中央区京橋郵便局私書箱１０３号","[]","[]","http://www.diskdream.com/","com",,"US"
,"ティンマシン"," (携帯電話用ゲーム　ｉモード公式サイト「アプリパーク」 etc)<br>",,"〒150-0036　東京都渋谷区南平台町15-1","[]","[]","http://www.tinmachine.co.jp/","jp","Japan","JP"
,"Ｔａｉｌ"," (W98)　ＰＡＲＡＤＩＧＭ　ＳＨＩＦＴ<br>",,"〒171-0014　東京都豊島区池袋2-67-1　シティハウスノヴァ301<br><br>","[]","[]","http://www.deal.co.jp/tail/","jp","Japan","JP"
,"<a href=""http://web.archive.org/web/20070224030227/http://www.tecnosoft.com/"">テクノソフト</a>"," (PS.AC)　風の丘公園にて",,"〒859-3216　長崎県佐世保市勝海町165-1　　0956(39)5555","[]","[]","http://www.tecnosoft.com/","com",,"JP"
,"テクノソレイユ"," (PS.W98)　ガイアシード",,"〒370-0047　群馬県高崎市高砂町48　塚沢ビル　　027(328)2313","[]","[]","http://www6.big.or.jp/~soleil/","jp","Japan","JP"
,"テクモ"," (PS.PS2.AC)　モンスターファーム",,"〒102-8230　東京都千代田区九段北4-1-34　　03(3222)7645","[]","[]","http://www.tecmo.co.jp/","jp","Japan","JP"
,"デジアニメ・コーポレイション"," (W98)　不確定世界の探偵紳士",,"〒114-0013　東京都北区東田端1-7-3　　03(5692)1274","[]","[]","http://www.digianime.co.jp/","jp","Japan","JP"
,"デジターボ"," (W98)　どうぶつくん",,"〒101-0052　東京都千代田区神田小川町3-3-2　マツシタビル４Ｆ　　03(3518)0667","[]","[]","http://www.digiturbo.co.jp/","jp","Japan","JP"
,"デジタルウェア"," (PS.DC.N64.W98.AC.ETC)　マジカルミュージック",,"〒101-0021　東京都千代田区外神田6-6-1　斉藤ビル５Ｆ　　03(3839)5040","[]","[]","http://www.digitalware.co.jp/","jp","Japan","N/A"
,"デジタル・エンフォース"," (W98)　ねずみがチュ",,"〒365-0075　埼玉県鴻巣市宮地3-1-39　　0485(41)7815　","[]","[]","http://www.de-net.com/","com",,"JP"
,"デジタルネットワークサービス"," (W98)　鬼ノ棲ム桜",,"〒064-1919　札幌市中央区南19条西9-2-35　ＤＥＶＥＸ１９９　２０５　　011(520)6560","[]","[]","http://digi-net.co.jp/","jp","Japan","N/A"
,"テスラ"," (W98)　ポートレイト",,"〒202-0012　東京都保谷市東町3-9-6　第二東町ハイツ４０５号　　0424(38)6133","[]","[]","http://www.overworks.co.jp/tesla/","jp","Japan","JP"
,"テックアーツ"," (W98)　シンクロ",,"〒001-0017　札幌市北区北17条4丁目　藤井ビル北17条Ⅱ２Ｆ","[]","[]","http://www.teck.co.jp/","jp","Japan","JP"
,"テトラテック"," (W98)　プライベートガーデン",,"〒166-0002　東京都杉並区高円寺北2-3-14　アコードハイツ高円寺５０１ 　","[]","[]","http://www.tetratech.co.jp/","jp","Japan","JP"
,"デュアル"," </b></a> (PS2、PC、携帯アプリ)　VM JAPAN",,"〒182-0026　東京都調布市小島町3-69-14　第二荒井麗峰ビル４Ｆ　　0424(99)0267　","[]","[]","http://www.dual-inc.co.jp/","jp","Japan","N/A"
,"テラルナ"," (W98)　ロケットの夏<br>",,"〒101-0052　東京都千代田区神田小川町1-1　山甚ビル6階　03(5283)9955<br><br>","[]","[]","http://www.terralunar.com/","com",,"US"
,"ＴＥＲＩＯＳ"," (W98)　いきなりはっぴいベル<br>",,"〒165-0031　東京都中野区上鷺宮3-16-5　第三真ビル2・3F　03(3825)4856<br><br>","[]","[]","http://www.terios.net/","net",,"AU"
,"テンキー"," (PS.DC.GB.W98.ETC)　メルティランサー",,"〒157-0062　東京都世田谷区南烏山5-17-8　太陽生命ビル４Ｆ　　03(5313)9995","[]","[]","http://www.tenky.co.jp/","jp","Japan","JP"
,"<a href=""http://web.archive.org/web/20070224030227/http://www.softpal.co.jp/tenshindo/index.html"">天津堂</a>"," (W98)　Stay with... ～カレンがくれた季節～",,"〒556-0005　大阪市浪速区日本橋5-14-20　越前ビル　　06(6644)6470","[]","[]","http://www.softpal.co.jp/tenshindo/index.html","jp","Japan","JP"
,"電脳商会"," (W98.ETC)　天地無用！連鎖必要",,"〒160-0022　東京都新宿区新宿6-12-5　新宿松喜ビル４Ｆ　　03(3351)2588","[]","[]","http://www.denno.co.jp/","jp","Japan","IE"
,"電遊社"," (PS.PS2.W98)　シャドウフレア",,"〒602-8026　京都市上京区新町通丸太町上ル春帯町351-1　　075(213)7960","[]","[]","http://www.denyu-sha.co.jp/","jp","Japan","JP"
,"トーセ"," (PS.GB.W98.ETC)",,"〒618-0081　京都府乙訓郡大山崎町下植野二階下13　　075(958)2525","[]","[]","http://www.tose.co.jp/","jp","Japan","JP"
,"ドーダ"," (PS.DC)　首都高バトル",,"〒169-0072　東京都新宿区大久保2-4-12　新宿ラムダックスビル５０２","[]","[]","http://www.doda.co.jp/","jp","Japan","JP"
,"ドールハウス"," (W98)　わくわく☆惑星プリンセス",,"〒360-0114　埼玉県大里郡江南町中央1-3-10　　0485(36)2773","[]","[]","http://www.dollhouse.co.jp/","jp","Japan","N/A"
,"東芝ＥＭＩ"," (W98)　末期、少女病<br> 東京都千代田区外神田3-35-5-603<br><br> (PS.W98.ETC)　ずっといっしょ",,"〒107-0052　東京都港区赤坂2-2-17　　03(5512)1702","[]","[]","http://www.toshiba-emi.co.jp/","jp","Japan","JP"
,"ＴＯ ＢＥ"," (W98)　ブレイブブレイド",,"〒101-0021　東京都千代田区外神田3-5-5　末広ハイム６０３号室　　03(5256)2545","[]","[]","http://www.lnp.co.jp/tobe/","jp","Japan","N/A"
,"東宝"," (PS.GB.W98)　ゴジラトレーディングバトル",,"〒100-8415　東京都千代田区有楽町1-2-1　　03(3591)1225","[]","[]","http://www.toho.co.jp/","jp","Japan","JP"
,"東北新社"," (PS.W98.ETC)　ＬＵＬＵ",,"〒107-0052　東京都港区赤坂4-17-7　　03(3582)0211","[]","[]","http://www.tfc.co.jp/hiroba/","jp","Japan","JP"
,"トップキャット"," (W98)　Ｌ -エル-",,"〒530-0015　大阪市北区中崎西1-8-24　アインズビル梅田２０８　　06(6485)0540","[]","[]","http://www.topcat.tc/index.shtml","tc","Turks and Caicos Islands","N/A"
,"<a href=""http://web.archive.org/web/20070224030227/http://www.tomy.co.jp/"">トミー</a>"," (PS.PS2.DC.N64.GB.W98.ETC)　闘魂列伝",,"〒124-0012　東京都葛飾区立石7-9-10　　03(3693)8602","[]","[]","http://www.tomy.co.jp/","jp","Japan","JP"
,"トムクリエイト"," (PS.GB.W98.WS.ETC)　くるパラ！<br>",,"〒114－0014　東京都北区田端1-16-13　03(3824)6168<br><br>","[]","[]","http://www.tomcreate.co.jp/","jp","Japan","JP"
,"トライエース"," (W98)　サクラ紀行<br> 広島県広島市佐伯区五日市2-8-8小西集合事務所1号<br><br> (PS.GB)　スターオーシャン",,"〒151-0053　東京都渋谷区代々木4-31-8","[]","[]","http://www.tri-ace.co.jp/","jp","Japan","JP"
,"ドラコニウム"," (W98)　Innocent",,"〒107-0052　東京都港区赤坂6-10-4　　03(3589)0911","[]","[]","http://www.draconium.org/","org",,"JP"
,"ドラス"," (PS.PS2.Win)　スロッターマニアシリーズ",,"〒452-0821　名古屋市西区上小田井2丁目292番地2　ビルド ジュン1F","[]","[]","http://www.dorasu.com/","com",,"JP"
,"ＴＲＡＢＵＬＡＮＣＥ"," (W98)　ふくらみかけ<br>",,"〒108-0023　東京都港区芝浦2-15-16　田町KSビル3F<br><br>","[]","[]","http://trb.cd-bros.co.jp/","jp","Japan","N/A"
,"ドリームキューブ"," (PS.W98.ETC)　ウィザーズハーモニー",,"〒150-0001 東京都渋谷区神宮前1-16-2　和泉ビル３Ｆ-Ｂ　　03(5413)5185","[]","[]","http://www.dreamcube.com/","com",,"US"
,"ｄｒｅａｍｓｏｆｔ"," (W98)　朝の来ない夜に抱かれて<br>",,"〒169-0075　東京都新宿区高田馬場4-8-4　ＯＲＡＧＡビル　９Ｆ－Ａ<br><br>","[]","[]","http://www.dreamsoft.jp/","jp","Japan","JP"
,"ドリームファクトリー"," (PS.PS2.AC.ETC)　エアガイツ",,"〒141-0021　東京都品川区上大崎3-1-7　目黒東宝ビル　　03(5449)2155","[]","[]","http://www.drf.co.jp/","jp","Japan","JP"
,"トレジャー"," (PS.DC.N64.AC)　シルエットミラージュ",,"〒164-0011　東京都中野区中央1-1-1　西新宿インデンス小玉ビル１Ｆ　　03(3361)8131","[]","[]","http://www.treasure-inc.co.jp/","jp","Japan","JP"
,"Ｄｒｅｓｓ"," (W98)　innocent world<br>",,"〒530-0044　大阪府大阪市北区東天満2-1-27　東天満パークビル8F　06(6355)2001<br><br>","[]","[]","http://dress.product.co.jp/","jp","Japan","JP"
,"トワイライトエクスプレス"," (PS.W98)　免許を取ろう！",,"〒170-6026　東京都豊島区東池袋3-1　サンシャイン６０・２６Ｆ　　03(5979)7495","[]","[]","http://www.twilight.co.jp/","jp","Japan","N/A"
,"ドワンゴ"," (W98.ETC)　ネットワークＲＰＧメーカー2000",,"〒103-0014　東京都中央区日本橋蛎殻町1-39-5　水天宮北辰ビル　　03(3664)5477","[]","[]","http://www.dwango.co.jp/","jp","Japan","JP"
,"トンキンハウス"," (PS.PS2.GB)　Ｌの季節",,"〒114-0004　東京都北区堀船2-17-1　　03(5390)7583","[]","[]","http://www.tokyo-shoseki.co.jp/tonkin/","jp","Japan","JP"
,"ｋ’Ｎｉｇｈｔ！"," <b><font size=""+2""><a name=""n"">ナ</a> </font></b> (W98)　萌萌！下宿生活♪<br>",,"〒289-1302　千葉県山武郡成東町小松3758-1　0475(84)1991<br><br>","[]","[]","http://www.stjp.com/knight/","com",,"US"
,"ナインライブス"," (PS.W98)　プリンセスメーカー ～ゆめみる妖精～",,"〒180-0006　東京都武蔵野市中町3-3-6　チサンマンション武蔵野２０６　　0422(60)7057","[]","[]","http://www.ninelives.co.jp/","jp","Japan","JP"
,"ナウプロダクション"," (PS.PS2.N64.GB.ETC)　DIGICAL LEAGUE",,"〒541-0046　大阪市中央区平野町2-1-14　道修ビル　　06(6232)1660","[]","[]","http://www.nowpro.co.jp/","jp","Japan","JP"
,"ナツメ"," (PS.GB)　メダロットシリーズ",,"〒530-0046　大阪市北区菅原町11-10　オーキッド中之島４０１号　　06(6361)8580","[]","[]","http://www.natsume-game.com/","com",,"JP"
,"ナムコ"," (PS.PS2.DC.GB.N64.W98.AC.ETC)　鉄拳",,"〒146-8655　東京都大田区矢口2-1-21　　03(3756)8707","[]","[]","http://www.namco.co.jp/","jp","Japan","JP"
,"にくきゅう"," (W98)　ラレンティア　～熱情の都～",,"〒660-0814　兵庫県尼崎市杭瀬本町3-16-1","[]","[]","http://www.alpha-jp.co.jp/~nikukyuu/","jp","Japan","N/A"
,"日経映像"," (W98.ETC)　Little Lovers",,"〒100-0004　東京都千代田区大手町1-9-5　　03(3270)0251","[]","[]","http://www.nikkeivi.co.jp/","jp","Japan","JP"
,"日商総合企画"," (W98)　迷図 メイズ",,"〒065-0033　北海道札幌市東区北33条8-1-1　第２津畑ビル１Ｆ　　011(743)4333","[]","[]","http://www2.ocn.ne.jp/~ntp/","jp","Japan","N/A"
,"ニトロプラス"," (W98)　鬼哭街<br>",,"〒101-0052　東京都千代田区神田小川町2-4-5　杉商ビル7F　03(3518)0688<br><br>","[]","[]","http://www.nitroplus.co.jp/pc/","jp","Japan","JP"
,"日本アートメディア"," (PS.GB.W98.ETC)　アレサ",,"〒135-0047　東京都江東区富岡1-18-17　富岡宍倉ビル１Ｆ　　03(3643)7745","[]","[]","http://www.jam1989.co.jp/","jp","Japan","JP"
,"<a href=""http://web.archive.org/web/20070224030227/http://www.hkr.ne.jp/"">日本アプリケーション</a>"," (PS.W98)　ラスト・インペリアル・プリンス",,"〒198-0042　東京都青梅市東青梅4-9-3　島崎ビル４Ｆ　　0428(23)3120","[]","[]","http://www.hkr.ne.jp/","jp","Japan","JP"
,"日本囲碁ソフト"," (W98)　プロの碁ＷＸ",,"〒565-0851　大阪府吹田市千里山西6-62 Ａ－９０６　　06(6338)7748　","[]","[]","http://www.sun-inet.or.jp/~igosoft/","jp","Japan","JP"
,"日本一ソフトウェア"," (PS.PS2)　マール王国の人魚姫",,"〒509-0147　岐阜県各務原市鵜沼川崎町2-128-1　信廣ビル１　　0583(71)7239","[]","[]","http://www.nippon1.co.jp/","jp","Japan","JP"
,"日本クリエイト"," (PS.W98)　My Dream ～On Airが待てなくて～",,"〒581-0869　大阪府八尾市桜ヶ丘1-88　　0729(96)1523","[]","[]","http://www.nihon-create.co.jp/","jp","Japan","JP"
,"日本シスコン"," (PS.PS2.DC.N64.GB.W98.AC)　パチスロ完全攻略シリーズ",,"〒111-0036　東京都台東区松が谷1-3-5　ＳＥＦビル７Ｆ　　03(5826)7770","[]","[]","http://www.syscom.co.jp/","jp","Japan","JP"
,"日本システムサプライ"," (PS.N64.GB.W98)　カメレオンツイスト",,"〒564-0063　大阪府吹田市江坂町1-23-20　ＴＥＫ第２ビル６Ｆ　　06(6338)9185","[]","[]","http://www.titan.co.jp/","jp","Japan","JP"
,"日本ソフテック"," (W98)　雀風",,"〒191-0065　東京都日野市旭が丘5-15-51　　042(582)1502","[]","[]","http://www.n-softec.co.jp/","jp","Japan","JP"
,"日本ファルコム"," (PS.DC.W98.ETC)　英雄伝説",,"〒190-0012　東京都立川市曙町1-14-13　立川ＭＫビル　　042(527)0555","[]","[]","http://www.falcom.co.jp/","jp","Japan","JP"
,"日本物産"," (PS.GB.W98.AC.ETC)　バーチャル競艇",,"〒530-0041　大阪市北区天神橋1-12-9　　06(6353)5211","[]","[]","http://www.nichibutsu.co.jp/","jp","Japan","N/A"
,"日本メディアプログラミング"," (PS.W98)　ザ・キング・オブ・ファイターズ・京",,"〒111-0051　東京都台東区蔵前3-1-9　ニキョービル２～４　　03(5821)0511","[]","[]","http://www.jamp-net.co.jp/","jp","Japan","N/A"
,"<a href=""http://web.archive.org/web/20070224030227/http://www.new.co.jp/"">ニュー</a>"," (PS.ETC)　BOXER'S ROAD",,"〒277-0005　千葉県柏市柏2-6-17　染谷エステートビル３Ｆ　　0471(60)1600","[]","[]","http://www.new.co.jp/","jp","Japan","JP"
,"<a href=""http://web.archive.org/web/20070224030227/http://home9.highway.ne.jp/cob/nfe_net/"">New File Entertaiment</a>"," (ゲーム音楽制作)　",,"〒350-1317　埼玉県狭山市水野1013-34　　042(957)4800","[]","[]","http://home9.highway.ne.jp/cob/nfe_net/","jp","Japan","N/A"
,"ニューロン・エイジ"," <br>(PS.PS2.N64)<br>",,"〒540-0012　大阪市中央区谷町2-3-2 森居幸ビル５Ｆ　　06(4790)8030","[]","[]","http://www.neuron-age.net/","net",,"N/A"
,"任天堂"," <br><br> (N64.GB)　ポケットモンスター",,"〒605-8660　京都市東山区福稲上高松町60　　075(541)6111","[]","[]","http://www.nintendo.co.jp/","jp","Japan","NL"
,"ヌードメーカー"," (Xbox)　鉄騎",,"〒167-0032　東京都杉並区天沼3-12-10　榎本ビル３Ｆ　　03(3392)8445","[]","[]","http://www.nudemaker.jp/","jp","Japan","JP"
,"ネオレックス"," (PS)　コズミックレース",,"〒456-0034　名古屋市熱田区伝馬1-4-1　　052(681)2121","[]","[]","http://www.neorex.co.jp/","jp","Japan","JP"
,"ネクサスインタ－ラクト"," (PS.DC.GB.W98.ETC)　レイクマスターズ",,"〒106-0032　東京都港区六本木7-18-23　六本木ＤＫビル４Ｆ　　03(5474)3581","[]","[]","http://www.net-wave.com/nexus/","com",,"N/A"
,"ネクステック"," (ETC)　グレイテストナイン98",,"〒150-0002　東京都渋谷区渋谷1-12-1　ネクストコムビル６Ｆ　　03(5467)2081","[]","[]","http://www.sega-nextech.co.jp/","jp","Japan","N/A"
,"ネクスト"," (Win.業務用)　",,"〒556-0005　大阪市浪速区日本橋5-2-9　　06(6646)0011","[]","[]","http://www.game-next.jp/","jp","Japan","JP"
,"ネクストン"," (PS.W98)　バーミンキッズ",,"〒530-0016　大阪市北区中崎2-1-4　日進第３ビル６Ｆ階　　06(6373)7030","[]","[]","http://members.tripod.com/~hiro1023_1/","com",,"US"
,"ねこねこソフト"," (W98)　みずいろ<br>",,"〒359-0037　埼玉県所沢市くすのき台2-1-4　和第一ビル3F<br>","[]","[]","http://www.din.or.jp/~nekoneko/","jp","Japan","JP"
,"ネットドラゴンジャパン",,,"(Win)　幻創遊記<br>〒085-0036　北海道釧路市若竹町８番","[]","[]","http://www.netdragon.jp/","jp","Japan","JP"
,"ネットビレッジ"," (PS)　EVE ZERO",,"〒192-0364　東京都八王子市南大沢2-27　フレスコ南大沢５Ｆ　　　0426(70)7771","[]","[]","http://eveonline.netvillage.ne.jp/","jp","Japan","N/A"
,"ネバーランドカンパニー"," (PS.DC.N64)　エストポリス伝記",,"〒169-0072　東京都新宿区大久保2-10-18　山崎ビル２Ｆ　　03(3232)5890","[]","[]","http://home.highway.ne.jp/esp09/","jp","Japan","N/A"
,"ネメシス"," (PS)　ロボット×ロボット",,"〒180-0004　東京都武蔵野市吉祥寺本町4-9-14　シティパル吉祥寺４０２　　0422(22)8841","[]","[]","http://www.nemesys.co.jp/","jp","Japan","JP"
,"ねんごろソフト"," (W98)　1-2Finish!",,"〒142-0053　東京都品川区中延1-2-10-101","[]","[]","http://www.nengollo.com/","com",,"JP"
,"ノイズ"," (N64.GBA)　『カスタムロボ』シリーズ",,"〒210-0006　神奈川県川崎市川崎区砂子2-11-29　平松川崎ビル５Ｆ","[]","[]","http://www.noise-games.com/","com",,"JP"
,"ＮＯＩＳＥ"," (W98)　「どろどろ　妻×娘の場合」<br>",,"〒162-0843　東京都新宿区市谷田町3-25　カサビエンナ305　03(3260)4210<br><br>","[]","[]","http://www.eants.co.jp/noise/","jp","Japan","JP"
,"ノイズファクトリー"," (DC.W98.AC.ETC)　ガイアクルセイダーズ",,"〒530-0023　大阪市北区黒崎町3-9　フォーレスト梅田８０１号　　06(6485)6071","[]","[]","http://www.noise.co.jp/","jp","Japan","JP"
,"バーサーカー"," (W98)　しちゅえ～しょん",,"〒152-0002　東京都目黒区目黒本町5-26-15　Ｍ ＦＬＡＴ　　03(5723)6408","[]","[]","http://www.berserker.co.jp/","jp","Japan","N/A"
,"バードランド"," (W98)　メイルモンスターＴＣＧ",,"〒003-0021　札幌市白石区栄通3-3-27　南栄ビル３０３　　011(856)2727","[]","[]","http://www.birdland.co.jp/","jp","Japan","JP"
,"パームツリー"," (W98)　 愛隷",,"〒161-0031　東京都新宿区西落合3-1-24　アビタシオン落合２０２","[]","[]","http://www.palmtree.co.jp/","jp","Japan","JP"
,"パイ"," (PS.DC.W98)　アルカナ戦記ルド",,"〒540-0012　大阪市中央区谷町1-2-6　京阪谷町ビル２Ｆ　　06(4790)1144","[]","[]","http://www.pai-j.co.jp/","jp","Japan","N/A"
,"ハイウェイスター"," (PS.PS2.DC.W98)　ＡＴＨＥＮＡ",,"〒150-0021　東京都渋谷区恵比寿西1-5-8　ＤＩＳ恵比寿ビル７Ｆ　　03(3770)8866","[]","[]","http://www.hws.co.jp/","jp","Japan","JP"
,"バイオックス"," (PS.GB.W98)　若松将棋塾",,"〒650-0001　神戸市中央区加納町3-2-1　Ｉ．Ｃ．Ｏビル","[]","[]","http://www.biox.co.jp/","jp","Japan","N/A"
,"パイオニアＬＤＣ"," (PS.PS2.W98.ETC)　ＮＯёＬ",,"〒150-8506　東京都渋谷区恵比寿南1-20-6　　03(5721)1351","[]","[]","http://www.pioneer.co.jp/pldc/indexj.html","jp","Japan","JP"
,"ハイパースペース"," (W98)　泣かない月<br>",,"〒166-0003　東京都杉並区高円寺南2-43-9　スギタビル2F　03(3314)0310<br><br>","[]","[]","http://www.gegege.com/","com",,"N/A"
,"覇王"," (W98)　裏家族遊戯",,"〒170-0013　東京都豊島区東池袋1-35-10　Ｆｕｊｉｔａビル３Ｆ　","[]","[]","http://www.r18game.com/haoh/","com",,"JP"
,"バサラ",,,"〒141-0031　東京都品川区西五反田3-12-13　TKKビル７階　　03(5740)8083<br><br>","[]","[]","http://www.va-sa-ra.co.jp/","jp","Japan","JP"
,"パシフィック・センチュリー・サイバーワークス・ジャパン"," (PS.PS2.DC.GB.AC.ETC)　アイドル雀士スーチーパイ",,"〒158-8520　東京都世田谷区用賀2-19-7　　","[]","[]","http://www.jaleco.co.jp/","jp","Japan","N/A"
,"ぱじゃまソフト"," (W98)　パンドラの夢<br>",,"〒176-0005　東京都練馬区旭丘1丁目38-3<br><br>","[]","[]","http://www.pajamas.ne.jp/","jp","Japan","JP"
,"ＢａｓｉＬ"," (W98)　Bless ～close your eyes, open your mind.",,"〒182-0024　東京都調布市布田1-47-4　調布ツインズ４０１","[]","[]","http://www.basil.co.jp/","jp","Japan","N/A"
,"パスカル"," (PS.PS2)",,"〒532-0011　大阪市淀川区西中島5-6-16　新大阪大日ビル１０Ｆ　　06(6101)6522","[]","[]","http://www.pascal.jp/","jp","Japan","JP"
,"ＰＡＲＳＬＥＹ"," (W98)　ソニックプリンセス<br>",,"〒921-8116　石川県金沢市泉野出町3-11-3　ＮＳビル2F<br><br>","[]","[]","http://www.parsley.gr.jp/","jp","Japan","N/A"
,"裸足少女"," (W98)　ミスティック・リポート　～恋の部活はチコクしない～<br>",,"〒530-0044　大阪府大阪市北区東天満2-1-27　東天満パークビル2号館8F　06(6355)2001<br><br>","[]","[]","http://hadashi.product.co.jp/","jp","Japan","JP"
,"ハッピーハプニング"," (Win)　はめ☆ドリ～Happy Mellowly Dreams!～（仮）<br> 大阪府大阪市<br><br> (DC.Naomi.PS.PS2.Plam.携帯アプリ)　PDA版「パズルボブル」",,"〒101-0047　東京都千代田区内神田2-4-14　シャルム内神田301　　03(3255)7735","[]","[]","http://www.haphap.jp/indexj.html","jp","Japan","JP"
,"バップ"," <br><br> (PS)　ダブル役満",,"〒102-0081　東京都千代田区四番町5-6　日本テレビ四番町別館４Ｆ　　03(3234)5711","[]","[]","http://www.vap.co.jp/","jp","Japan","JP"
,"ハドソン"," (PS.PS2.DC.GB.N64)　ボンバーマン",,"〒062-8622　札幌市豊平区平岸三条5-4-22　　011(841)4622","[]","[]","http://www.hudson.co.jp/","jp","Japan","JP"
,"Ｐａｐｒｉｋａ"," (W98)　ＲＥ☆さいくりんぐＤａｙ’ｓ<br>",,"〒169-0075　東京都新宿区高田馬場3-28-2　紺清ビル202<br><br>","[]","[]","http://www.paprika.ne.jp/","jp","Japan","N/A"
,"ハムスター"," (PS.W98)　MajorWaveシリーズ　",,"〒154-0012　東京都世田谷区駒沢2-11-5　　03(5432)6444","[]","[]","http://www.hamster.co.jp/","jp","Japan","JP"
,"林組"," (W98)　ハヤシ迷作劇場<br>",,"〒664-0852　兵庫県伊丹市南本町3丁目1-7　ウィズ新伊丹202　0727(71)7702<br><br>","[]","[]","http://www.oresama.co.jp/","jp","Japan","N/A"
,"パリティビット"," (PS.W98.ETC)　ダービースタリオン",,"〒151-0072　東京都渋谷区幡ヶ谷1-8-3　ＧＳビル５Ｆ　　03(3378)6387","[]","[]","http://www.paritybit.co.jp/","jp","Japan","JP"
,"ハル研究所"," (N64.GB.GC)　大乱闘スマッシュブラザーズ",,"〒400-0111　山梨県中巨摩郡竜王町1999-9　　055(279)5656","[]","[]","http://www.hallab.co.jp/","jp","Japan","JP"
,"ハル・コーポレーション"," (W98)　エッガーランド",,"〒105-0014　東京都港区芝1-9-6　マツラビル５Ｆ　　03(3456)3212","[]","[]","http://www.halcorp.co.jp/","jp","Japan","US"
,"パルス・エンターテインメント"," (PS.W98)　デイドラス",,"〒150-0001　東京都渋谷区神宮前6-18-1　クレインズパークビル　　03(3407)0751","[]","[]","http://www.pulse.co.jp/","jp","Japan","N/A"
,"<a href=""http://web.archive.org/web/20070224030349/http://www.panther.co.jp/"">パンサーソフトウェア</a>"," (PS.DC.ETC)　Space Griffon",,"〒108-0023　東京都港区芝浦2-17-13　　03(5443)7811","[]","[]","http://www.panther.co.jp/","jp","Japan","JP"
,"バンダイ"," (PS.PS2.DC.ETC)　機動戦士ガンダム",,"〒111-8081　東京都台東区駒形2-5-4　　03(3847)5012","[]","[]","http://www.bandai.co.jp/","jp","Japan","JP"
,"バンダイビジュアル"," (PS)　MACROSS DIGITAL MISSION VX-F",,"〒111-8558　東京都台東区松が谷1-3-5　ＳＥＦビル　　03(5828)3011","[]","[]","http://emotion.bandai.co.jp/","jp","Japan","JP"
,"ぱんだはうす"," (W98)　娘３動物園<br>",,"〒169-0051　東京都新宿区西早稲田1-9-19　アーバンヒルズ早稲田207　03(3205)8127<br><br>","[]","[]","http://www.pandahouse.net/","net",,"US"
,"バンタンインターナショナル"," (PS.DC.W98)　デスマスク",,"〒150-0022　東京都渋谷区恵比寿南3-1-8　　03(5721)4060","[]","[]","http://www.vantan.co.jp/","jp","Japan","JP"
,"パンドラボックス"," (PS.N64.GB)　パンドラＭＡＸシリーズ　ドラゴンナイツ・グロリアス",,"〒160-0023　東京都新宿区西新宿7-18-16　東信西新宿ビル３Ｆ　　03(3371)0993","[]","[]","http://www.pandorabox.co.jp/","jp","Japan","JP"
,"バンプレスト"," (PS.PS2.DC.GB.W98.ETC)　スーパーロボット大戦",,"〒270-0092　千葉県松戸市松戸1230-1　ピアザ松戸　　0473(67)7100","[]","[]","http://www.banpresto.co.jp/","jp","Japan","JP"
,"ＢｅＦ"," (W98)　いつか、どこかで<br>",,"〒130-0012　東京都墨田区太平3-10-5　03(3829)0697<br><br>","[]","[]","http://www.bef.gr.jp/","jp","Japan","N/A"
,"ＢＭＧジャパン"," (PS.W98.ETC)　３Ｄベースボール ～ザ・メジャー～",,"〒150-0002　東京都渋谷区渋谷1-3-9　　03(3797)9392","[]","[]","http://www.bmgjapan.com/","com",,"JP"
,"ピースソフト"," (Win)　永ワ刻 -トワコク-",,"〒520-0516　滋賀県滋賀郡志賀町南船路857-3　　077(592)8338","[]","[]","http://www.peassoft.com/","com",,"JP"
,"ピー・ソフトハウス"," (PS.GB.W98.AC)　キューブアドベンチャー",,"〒983-0852　仙台市宮城野区榴岡3-10-7　サンライン第６６ビル３Ｆ　　022(295)2711","[]","[]","http://www.psoft.co.jp/","jp","Japan","JP"
,"ピーチ"," (W98)　虹色シーズン さりげなく",,"〒162-0812　東京都新宿区西五軒町6-10　４Ｆ　03(5228)6252","[]","[]","http://www.peach-hp.co.jp/","jp","Japan","N/A"
,"ピーディ"," (PS.W98)　Max Racer",,"〒530-0052　大阪市北区南扇町1-5　ＵＡＫビル４Ｆ　　06(6361)3616","[]","[]","http://www.pd-net.co.jp/","jp","Japan","N/A"
,"び～にゃん"," (W98)　催淫術２<br>",,"〒170-0013　東京都豊島区東池袋1-35-10　Fujitaビル3F<br><br>","[]","[]","http://www.r18game.com/beenyan/","com",,"JP"
,"ビーピーエス"," (PS.PS2.DC.N64.W98.ETC)　テトリス",,"〒222-8583　横浜市港北区新横浜3-24-5　　045(475)3728","[]","[]","http://www.bps.co.jp/","jp","Japan","N/A"
,"ビー・ファクトリー"," (PS.W98)　ラヴ・セラピー",,"〒107-0062　東京都港区南青山2-18-2　竹中スリービル２０１　　03(3403)4341","[]","[]","http://www.hand.co.jp/products/b-factory/","jp","Japan","JP"
,"ビクターインタラクティブソフトウエア"," (PS.PS2.DC.N64.GB.W98)　ぬし釣り",,"〒150-8915　東京都渋谷区渋谷3-9-9　東京建物渋谷ビル６・７Ｆ　　03(5466)1701","[]","[]","http://www.vis.co.jp/","jp","Japan","JP"
,"ビジュアルアーツ"," (W98)　ＡＩＲ",,"〒530-0044　大阪市北区東天満2-1-27　東天満パークビル８Ｆ　　06(6355)2001","[]","[]","http://visualarts.product.co.jp/","jp","Japan","JP"
,"ＢＩＳＨＯＰ"," (W98)　特別授業<br>",,"〒065-0033　北海道札幌市東区北33条東8丁目1-1　第2津畑ビル1F<br><br>","[]","[]","http://www.bishop.jp/","jp","Japan","JP"
,"ビスコ"," (PS.AC)　雀じゃん恋しましょ",,"〒171-0043　東京都豊島区要3-12-12　大宏ビル２Ｆ　　03(3554)0121","[]","[]","http://www.visco.co.jp/","jp","Japan","US"
,"ビック東海"," (ETC)　自慰倒錯DVD<br> 大阪府大阪市中央区日本橋1-9-15　中岡ビル４F　06(6212)5622<br><br> (PS.N64.W98) 　プリンセス・ミネルパ",,"〒420-0034　静岡市常磐町2-6-8　　054(254)3781","[]","[]","http://www.victokai.co.jp/","jp","Japan","N/A"
,"ビデオシステム"," (PS.PS2.DC.N64.GB.AC.ETC)　ファイナルロマンス",,"〒600-8815　京都市下京区中堂寺栗田町1　４号館７Ｆ　　075(323)0023","[]","[]","http://www.dreamsquare.co.jp/","jp","Japan","N/A"
,"ヒューネックス"," (PS.W98.ETC)　ファーストＫｉｓｓ☆物語",,"〒180-0004　東京都武蔵野市吉祥寺本町1-33-3　吉祥寺イトウビル４Ｆ　　0422(23)1310","[]","[]","http://www.hunex.co.jp/","jp","Japan","JP"
,"ピュアサウンド"," (PS.GB)　トランプしようよ復刻版",,"〒156-0043　東京都世田谷区松原2-39-4　トーニチビル２Ｆ　　03(3325)8868","[]","[]","http://www1.ocn.ne.jp/~psound/","jp","Japan","N/A"
,"ピラミッド"," (PS.GC.XB)　",,"〒160-0004　東京都新宿区四谷2-9　新井ビル２Ｆ　　03(5369)1696","[]","[]","http://www.pyramid-inc.net/","net",,"JP"
,"Ｐｉｒｋａ"," (W98)　きゃばくらたいむ",,"〒651-0093　兵庫県神戸市中央区二宮町1-4-7　ボストンビル702<br><br>","[]","[]","http://www.dice-soft.co.jp/Pirka/home.html","jp","Japan","N/A"
,"ピンクパイナップル"," (W98)　無人島物語",,"〒141-0041　東京都品川区戸越1-6-7　　03(5702)1769","[]","[]","http://www.pinkpineapple.co.jp/","jp","Japan","JP"
,"ファイブウェイズ"," (DVDPG)　ＬＥＴＨＥＲ　ＭＡＮ<br>",,"〒162-0065　東京都新宿区住吉町1-17　3F　03(5367)4081<br><br>","[]","[]","http://www.five-w.com/","com",,"N/A"
,"ファミリーソフト"," (PS.W98)　あすか１２０％",,"〒178-0063　東京都練馬区東大泉1-27-25　シャローム大泉３０１号　　03(3924)5727","[]","[]","http://www.familysoft.co.jp/","jp","Japan","N/A"
,"Fang＆Factor"," (W98)　依頼人",,"〒400-0034　甲府市宝2-24-7　ハイツエタニティ２１１号　　055(277)3219","[]","[]","http://www.optltd.co.jp/","jp","Japan","N/A"
,"フィールプラス"," (XBOX360)　LOST ODYSSEY",,"〒106-0032　東京都港区六本木4-1-4　第一黒崎ビル６Ｆ","[]","[]","http://www.feelplus.jp/","jp","Japan","JP"
,"フィックス"," (W98)　悪霊学園レイコ",,"〒435-0005　静岡県浜松市安新町158-1　２Ｆ　　053(422)6967","[]","[]","http://www.infonia.ne.jp/~fix/","jp","Japan","JP"
,"風雅システム"," (PS.W98)　アマランス",,"〒939-8191　富山市布市686-8　　0764(29)6791","[]","[]","http://www.toyama-smenet.or.jp/~fuga/","jp","Japan","JP"
,"フェアリーダスト"," (W98)　エスカレーションーHardCoreー<br>",,"〒150-0021　東京都渋谷区恵比寿西1-2-7　UKビル4F　03(3476)0541<br><br>","[]","[]","http://www.creamlemon.net/","net",,"N/A"
,"フェアリーテール"," (W98)　ロマンスは剣の輝き",,"〒169-0075　東京都新宿区高田馬場3-3-3　ＮＩＡビル４Ｆ　　03(3365)6755","[]","[]","http://www.fandc.co.jp/products/prod_fairy.html","jp","Japan","JP"
,"フェザード"," (PS.DC.GB.W98.ETC)　夢☆色いろ",,"〒160-0023　東京都新宿区西新宿6-20-12　第２山口ビル３Ｆ　　03(5381)2551","[]","[]","http://www.feathered.com/","com",,"JP"
,"ｆｏｒ"," (W98)　INNOCENTな天使たち",,"〒167-0023　東京都杉並区上井草3-31-15　石泉ビル３Ｆ","[]","[]","http://www.kiwi-us.com/~for/","com",,"JP"
,"フォース"," (W98)　2nd LOVE",,"〒180-0004　東京都武蔵野市吉祥寺本町1-11-30　ダイアパレス吉祥寺７０３","[]","[]","http://www.din.or.jp/~shift/force/","jp","Japan","JP"
,"フォーティーファイブ"," 　　0422(20)2441 (W98)　たれぱんだといっしょ",,"〒160-0022　東京都新宿区新宿5-1-13　新宿ＭＯＡビル　　03(3350)1541","[]","[]","http://www.xlv.co.jp/","jp","Japan","N/A"
,"フォスター"," (PS,PS2,DC)　久遠の絆　再降臨<br> 神奈川県横浜市港北区新横浜2-17-11アイシスプラザ302　045-470-3397<br><br> (W98)　花の記憶",,"〒130-0012　東京都墨田区太平3-10-5　淡海ビル　　03(3829)0703","[]","[]","http://www.foster.gr.jp/","jp","Japan","JP"
,"ｆｏｒｔｅ"," (W98)　Ethos ～天使の降る場所～<br>",,"〒541-0048　大阪府大阪市中央区瓦町3-3-16　OWLビル瓦町ビル4F<br><br>","[]","[]","http://www2.odn.ne.jp/rage/forte/","jp","Japan","JP"
,"フォレスター"," (W98)　ＥＤＥＮ",,"〒130-0012　東京都墨田区太平3-10-5　淡海ビル５Ｆ　　03(3829)0697","[]","[]","http://www.forester.co.jp/","jp","Japan","JP"
,"<a href=""http://web.archive.org/web/20070224030349/http://www.fps.co.jp/"">富士通パソコンシステムズ</a>"," (PS.W98)　プリズムコート",,"〒215-0004　神奈川県川崎市麻生区万福寺1-2-3　アーシスビル　　044(952)4111","[]","[]","http://www.fps.co.jp/","jp","Japan","N/A"
,"富士通パレックス"," (W98.ETC)　エーベルージュ",,"〒144-8588　東京都大田区新蒲田1-17-25　　03(3730)3270","[]","[]","http://www.fujitsu.co.jp/","jp","Japan","DE"
,"ぷちフェレット"," (W98)　ぽぽたん<br>",,"〒178-0063　東京都練馬区東大泉3-17-1　M.Kステージ2F　03(6933)3951<br><br>","[]","[]","http://www.petitferret.com/","com",,"US"
,"ｈｕｅ"," (W98)　魔法少女アイ２<br>",,"〒164-0013　東京都中野区弥生町2-19-16　中根ビル4F<br><br>","[]","[]","http://www.hue.co.jp/","jp","Japan","N/A"
,"フューチャークリエイツ"," (GBA.PS.PS2.WS.DC.N64)　大好きテディ<br>",,"〒573-1105　大阪府枚方市南楠葉1丁目6-8　プレザントハウス407　072(809)8005<br><br>","[]","[]","http://www.futurecreates.co.jp/","jp","Japan","N/A"
,"フューチャー・パイレーツ"," (W98)　チキチキマシン猛レース",,"〒107-0061　東京都港区北青山3-6-16　佐阿徳ビル８Ｆ　　03(3498)5600","[]","[]","http://www.fpi.co.jp/","jp","Japan","JP"
,"ＰＬＡＹＭ"," (W98)　ＲＥＡＬＩＺＥ<br>",,"〒532-0028　大阪府大阪市淀川区十三元今里1丁目13番12号201<br><br>","[]","[]","http://www.playm.co.jp/","jp","Japan","N/A"
,"フライングシャイン"," (W98)　贖罪の教室",,"〒162-0067　東京都新宿区富久町16-11　武蔵屋スカイビル１０２号室","[]","[]","http://www.flyingshine.co.jp/","jp","Japan","N/A"
,"ブラウニー"," (W98)　ＤＡＷＮ＊ＳＬＡＶＥ",,"〒142-0053　東京都品川区中延2-6-21　ベルハイツ中延１０１　　03(3784)7261","[]","[]","http://www.brownie.co.jp/","jp","Japan","N/A"
,"ブラウニー・ブラウン"," (GB)　マジカルバケーション",,"〒180-0004　東京都武蔵野市吉祥寺本町2-1-10　大和証券ビル６Ｆ　　0422(23)8135","[]","[]","http://www.br2.co.jp/","jp","Japan","N/A"
,"ＰＬ＋ＵＳ"," (W98)　想い出の彼方",,"〒530-0016　大阪市北区中崎2-1-4　日進第３ビル６Ｆ　　06(6485)0124","[]","[]","http://www.pl-us.com/","com",,"US"
,"プラチナれーべる"," (W98)　プライマリー",,"〒556-0005　大阪市浪速区日本橋5-14-20　越前ビル　　06(6644)6470","[]","[]","http://www.softpal.co.jp/platinum/index.html","jp","Japan","JP"
,"ブラックパッケージ"," (W98)　い・け・な・い　お仕事<br>",,"〒130-0026　東京都墨田区両国1-2-5　両国パークハウス401<br><br>","[]","[]","http://www.blackpackage.co.jp/","jp","Japan","N/A"
,"ＢＬＡＣＫ　ＲＡＩＮＢＯＷ"," (W98)　Ｆｒｏｍ　Ｍ<br>",,"〒169-0075　東京都新宿区高田馬場4-10-8　HIKビル203号室<br><br>","[]","[]","http://www.blackrainbow.jp/","jp","Japan","JP"
,"フリップフロップ"," (PS.W98)　ネオアトラス",,"〒162-0041　東京都新宿区早稲田鶴巻町538　平成ビル２Ｆ　　03(5272)0275","[]","[]","http://www.flipflop.co.jp/","jp","Japan","JP"
,"ブルーゲイル"," (PS,PS2,DC)　夏色の砂時計<br> 東京都千代田区外神田4-8-5　クレイン末広ビル6F<br><br> (W98)　Treating2U",,"〒062-0004　北海道札幌市豊平区美園4条7-5-1　スズキビル３Ｆ　　011(815)9821","[]","[]","http://www.phoenix-c.or.jp/bluegale/","jp","Japan","JP"
,"ＰＵＬＬ　ＴＯＰ"," (W98)　とらかぷっ！<br>",,"〒465-0048　愛知県名古屋市名東区藤見が丘6　セントラルスクエア4F　052(779)4688<br><br>","[]","[]","http://www.pulltop.com/","com",,"JP"
,"ブレイク"," (PS)　マリア２　～受胎告知の謎～",,"〒106-0047　東京都港区南麻布3-8-6　ＰＤスペース３８６ビル２Ｆ　　03(5420)9704","[]","[]","http://www.breaks.co.jp/","jp","Japan","JP"
,"フレイム"," (W98)　ルディンガルドの光",,"〒160-0004　東京都新宿区四谷4-25　マンション新宿御苑９０５　　03(3226)6769","[]","[]","http://www.remus.dti.ne.jp/~flame/","jp","Japan","JP"
,"フロア"," (PS2.GBA.Win.ETC)　",,"〒531-0071　大阪市北区中津1丁目2番18号ミノヤビル３Ｆ　　06(6485)0352","[]","[]","http://www.floor.co.jp/","jp","Japan","N/A"
,"プローグ"," (PS2のキャラクターおよびモーションの開発)　",,"〒540-0026　大阪市中央区常盤町2-1-15 大松ビル7F　　06(6943)6280","[]","[]","http://www.proge.co.jp/","jp","Japan","JP"
,"プログレス"," (PS.W98)　クラシックロード",,"〒220-0023　横浜市西区平沼1-7-10　ＹＳＫビル２Ｆ　　045(314)1631","[]","[]","http://plaza3.mbn.or.jp/~progress/","jp","Japan","JP"
,"Ｐｒｏｊｅｃｔ－μ"," (W98)　忘れな草",,"〒542-0081　大阪市中央区南船場2-3-6　　06(6267)1947 　　　","[]","[]","http://www.klein-group.co.jp/mew/","jp","Japan","JP"
,"プロダクションＩ.Ｇ"," (PS)　やるドラシリーズ",,"〒185-0021　東京都国分寺市南町3-22-31　南ビル","[]","[]","http://www.production-ig.co.jp/","jp","Japan","JP"
,"ブロッコリー"," (W98)　でじこのこべや",,"〒177-0033　東京都練馬区高野台2-14-1　　03(5372)6208","[]","[]","http://www.broccoli.co.jp/","jp","Japan","JP"
,"プロデュース"," (PS.N64.AC)　パカパカパッション",,"〒190-0011　東京都立川市高松町3-15-10　オンダビル　　0425(28)5108","[]","[]","http://www.pro-net.co.jp/","jp","Japan","JP"
,"プロファイア"," (PS.DC.W98.AC.ETC)　エクストリーム・パワー",,"〒460-0024　名古屋市中区正木3-13-10　金山グランドハイツ２０３　　052(339)1601","[]","[]","http://www.profire.co.jp/","jp","Japan","JP"
,"フロム・ソフトウェア"," (PS.PS2.DC)　KING'S FIELD",,"〒163-1408　東京都新宿区西新宿3-20-2　東京オペラシティタワー８Ｆ　　03(5353)0361","[]","[]","http://www.fromsoftware.co.jp/","jp","Japan","JP"
,"フロントウイング"," (W98)　カナリア ～この想いを歌に乗せて～",,"〒136-0071　東京都江東区亀戸1-32-6-602","[]","[]","http://www.frontwing.co.jp/","jp","Japan","JP"
,"ｂａｙｅｓ",,,"〒161-0033　東京都新宿区下落合3-12-23　豊ビル3階　03(3565)5255<br><br>","[]","[]","http://www.bayes.jp/","jp","Japan","N/A"
,"ペーパームーン"," (W98)　ＰＡＲＴＳ",,"〒500-8167　岐阜市東金宝町1-17　ムラセビル５Ｆ　　058(265)3704","[]","[]","http://www.pmoon.co.jp/","jp","Japan","N/A"
,"ペガサスジャパン"," (PS.DC)　サイドワインダー",,"〒815-0031　福岡県福岡市南区清水1-24-31　　092(542)2630","[]","[]","http://www.pegasus-japan.co.jp/","jp","Japan","JP"
,"ヘキサ"," (PS.DC.W98.ETC)　デスクトップのメイドさん",,"〒230-0051　神奈川県横浜市鶴見区鶴見中央5-11-2-205　　045(502)5092","[]","[]","http://www.hexasoft.co.jp/","jp","Japan","JP"
,"ベック"," (PS.ETC)　どこでもハムスター",,"〒164-0003　東京都中野区東中野1-11-7　　03(5330)5151","[]","[]","http://www.bec.co.jp/","jp","Japan","N/A"
,"<a href=""http://web.archive.org/web/20070224030349/http://www.headroom.co.jp/"">ヘッドルーム</a>"," (W98)　女の子どうし",,"〒153-0061　東京都目黒区中目黒3-5-8　山源ビル５Ｆ　　03(3794)7041","[]","[]","http://www.headroom.co.jp/","jp","Japan","JP"
,"ペンギンワークス"," (W98)　猟奇の檻 第３章",,"〒107-0062　東京都港区南青山4-26-6　南青山108-301　　03(3797)5040","[]","[]","http://www.penguin-works.co.jp/","jp","Japan","N/A"
,"ボーステック"," (W98.ETC)　銀河英雄伝説",,"〒158-0083　東京都世田谷区奥沢5-1-16　井田ビル２Ｆ　　03(5731)2341","[]","[]","http://www.bothtec.co.jp/","jp","Japan","N/A"
,"ＨＯＰＥＭＯＯＮ",,,"〒564-0051　大阪府吹田市豊津町2-1　第2中田ビル5F　06(6310)8770<br><br>","[]","[]","http://www.hopemoon.com/","com",,"JP"
,"ホクショー"," (W98)　ＧＥ・ＴＥＮⅢ ～全世界大戦異聞～",,"〒920-8711　金沢市示野町イ－６　　076(267)3111","[]","[]","http://www.hokusho.co.jp/","jp","Japan","JP"
,"Ｂｏｔｔｌｅ　Ｃｕｂｅ．４０４"," (W98)　リトルシェイカー　～夏の冒険～<br>",,"〒150-0012　東京都渋谷区広尾1-9-15　広尾宮田アネックスビル2F　03(5447)2524<br><br>","[]","[]","http://www.bottlecube.co.jp/","jp","Japan","JP"
,"ポニーキャニオン"," (PS.GB.W98)　トレインシミュレータ",,"〒105-8487　東京都港区虎ノ門2-5-10　　03(5521)8000","[]","[]","http://www.ponycanyon.co.jp/","jp","Japan","US"
,"ポノス"," (PS)　マービーベイビーストーリー",,"〒530-0044　大阪市北区東天満2-9-1　若杉センタービル１２Ｆ　　06(6242)2677","[]","[]","http://www.ponos.co.jp/","jp","Japan","JP"
,"ＨＯＲＩ"," (ETC)　各種コントローラー",,"〒224-0054　横浜市都筑区佐江戸町640　　045(933)9611","[]","[]","http://www.hori.ne.jp/","jp","Japan","N/A"
,"ポンスビック",,,"〒150-0011　東京都渋谷区東1-12-2下山ビル2Ｅ　03(5766)5756<br><br>","[]","[]","http://www.ponsbic.com/","com",,"JP"
,"ボンバーエクスプレス"," (PS)　どこでもいっしょ",,"〒180-0006　東京都武蔵野市中町1-9-5　第一中央ビル５Ｆ　　0422(36)9330","[]","[]","http://www.bomber.co.jp/","jp","Japan","US"
,"<a href=""http://web.archive.org/web/20070224030349/http://bonbee.product.co.jp/"">Ｂｏｎｂｅｅ！</a>"," (W98)　Ribbon2",,"〒530-0044　大阪市北区東天満2-1-27　東天満パークビル８Ｆ　　06(6355)2001","[]","[]","http://bonbee.product.co.jp/","jp","Japan","JP"
,"マーズ"," <b><font size=""+2""><a name=""m"">マ</a> </font></b> (PS)　リンダキューブアゲイン",,"〒270-2221　千葉県松戸市紙敷690-1　カサベルデＢＩＤＯ　Ｃ－１０３","[]","[]","http://www.linda3.co.jp/","jp","Japan","N/A"
,"マーメイド"," (W98)　IntoYourWorld",,"〒650-0011　神戸市中央区下山手通3-6-6　信華ビル３Ｆ","[]","[]","http://www.sdia.or.jp/~mermaid/","jp","Japan","JP"
,"マイクロキャビン"," (PS.W98)　STREET BOARDERS",,"〒510-0822　三重県四日市市芝田1-11-13　　0593(53)3811","[]","[]","http://www.microcabin.co.jp/","jp","Japan","JP"
,"マイクロソフト"," (W98.ETC)　Age of Empires",,"〒151-8533　東京都渋谷区笹塚1-50-1　笹塚ＮＡビルディング　　03(5454)8000","[]","[]","http://www.microsoft.com/japan/games/","com",,"US"
,"マイクロネット"," (PS.DC.GB.W98.AC)　マリオネットハンドラー",,"〒064-8633　札幌市中央区南10条西15丁目　ビッグビル３Ｆ　　011(561)1370","[]","[]","http://micronetclub.co.jp/","jp","Japan","JP"
,"マイクロビジョン"," (PS.DC.GB.W98)　銀河英雄伝説",,"〒179-0085　東京都練馬区早宮2-17-33　スカイスクレーパー２Ｆ　　03(3932)8455","[]","[]","http://www.microvision.co.jp/","jp","Japan","JP"
,"マイクロマウス"," (W98.ETC)　レインボーシックス",,"〒164-0012　東京都中野区本町2-28-11　不二ハイツ２Ｆ　　03(3376)8061","[]","[]","http://www.micromouse.co.jp/","jp","Japan","N/A"
,"毎日コミュニケーションズ"," (PS.PS2.W98)　スーパー・パドック",,"〒100-0003　東京都千代田区一ツ橋1-1-1　パレスサイドビル　　03(3222)7887","[]","[]","http://www.mycom.co.jp/","jp","Japan","JP"
,"マグノリア"," (W98)　バリュー麻雀２<br>",,"〒150-0001　東京都渋谷区神宮前1-14-32-404　0584(83)0145<br><br>","[]","[]","http://www.magnolia.co.jp/","jp","Japan","JP"
,"<a href=""http://web.archive.org/web/20070224030349/http://www.masys.co.jp/"">マシス</a>"," (W98)　メイドねこさんはいかがですか？",,"〒171-0022　東京都豊島区南池袋3-18-36　富美栄ビル７Ｆ　　03(5985)5993","[]","[]","http://www.masys.co.jp/","jp","Japan","JP"
,"マックザウルス"," (ETC)　ウルトラマンスクリーンセーバー",,"〒162-0065　東京都新宿区住吉町8-28　Ｂ－ＳＴＥＰ２Ｆ　　03(5269)2212","[]","[]","http://www.macsaurus.com/","com",,"N/A"
,"マックスＱ"," (W98)　こすぷれアイドルはじめました♪",,"〒104-8691　東京都中央区京橋郵便局私書箱１０３号　","[]","[]","http://www.zephyr.dti.ne.jp/~max-q/","jp","Japan","JP"
,"マックスファイブ"," (PS)　ＨＯＳＨＩＧＡＭＩ<br>",,"〒861-1102 熊本県 菊池郡 西合志町 須屋 2190-1　　096-242-6284","[]","[]","http://www.hoshigami.net/","net",,"JP"
,"マップジャパン"," (PS.W98)　ヒロインドリーム",,"〒105-0014　東京都港区芝2-13-4　ＪＢＰ芝ビル１３Ｆ　　03(5476)2601","[]","[]","http://www3.tokyoweb.or.jp/mjm/mapjapan/","jp","Japan","JP"
,"マトリックス"," (PS.PS2.モバイル)　ドラゴンクエストＶ（PS2）",,"<br>〒160-0021　東京都新宿区歌舞伎町2-44-1　ハイジア13F　　03(5292)7963","[]","[]","http://www.matrixsoft.co.jp/","jp","Japan","JP"
,"魔法"," (PS.PS2.GB.W98)　甲子園",,"〒651-0058　神戸市中央区葺合町馬止1-10　マジカルビル　　078(261)2790","[]","[]","http://www.mahou.co.jp/","jp","Japan","JP"
,"マリオネット"," (W98)　静寂の風 (PS.DC)　インペリアルの鷹　",,"〒130-0022　東京都墨田区江東橋2-2-3　倉持ビル２ｎｄ　　03(3635)7951","[]","[]","http://www.marionet.co.jp/","jp","Japan","JP"
,"ＭＡＲＩＧＯＬＤ"," (W98)　<br>",,"〒143-0023　東京都大田区山王2-2-7　第11東都ビル3Ｆ<br><br>","[]","[]","http://www.marigold.co.jp/","jp","Japan","JP"
,"マルチメディア インテリジェンス トランスファー"," (PS.PS2.DC.GB)　ぐるぐるガラクターズ",,"〒160-0023　東京都新宿区西新宿8-18-8　ＭＫビル２Ｆ　　03(5331)3318","[]","[]","http://www.mitjapan.com/","com",,"JP"
,"三重電子計算センター"," (W98)　鉄道系シミュレーション",,"〒514-0003　三重県津市桜橋2-177-3　　059(225)1111","[]","[]","http://www.mieden.co.jp/","jp","Japan","JP"
,"ｍｉｘ　ｃｏｒｅ",,,"〒530-0041　大阪府北区天神橋1-15-7　クリスタルビル2F　06(4800)3027<br><br>","[]","[]","http://www.mix-core.com/","com",,"N/A"
,"ｍｉｎｏｒｉ"," (W98)　Ｗｉｎｄ<br>",,"〒150-0002　東京都渋谷区渋谷1-7-8-2F<br><br>","[]","[]","http://www.minori.ph/","ph","Philippines","JP"
,"美遊"," (W98)　リフレイン・ドリーム",,"〒180-0004　東京都武蔵野市吉祥寺本町3-21-12　光ビル１Ｂ　　0422(56)7081","[]","[]","http://www.mu-game.co.jp/","jp","Japan","N/A"
,"ミリアルディー"," (W98)　電脳迷宮幻想冒険遊戯　",,"〒125-0052　東京都葛飾区柴又3-14-2　イマージ３０２号　　03(5699)2456","[]","[]","http://www.soundeye.gr.jp/ma-game/","jp","Japan","N/A"
,"ミンク"," (W98)　ぺろぺろｃａｎｄｙ",,"〒180-0004　東京都武蔵野市吉祥寺本町3-21-12　光ビル１Ｆ　　0422(56)7239","[]","[]","http://www.mink.co.jp/","jp","Japan","JP"
,"ミント"," <br>(PS.W98)　ＴＨＥダンジョンＲＰＧ<br>",,"〒206-0011　東京都多摩市関戸4-27-1　　042(355)0321","[]","[]","http://www.mint.ac/","ac","Ascension Island","US"
,"Ｍａｙ－Ｂｅ　ＳＯＦＴ"," <br><br> (W98)　Ｃａｇｅ～囚われの記録～<br>",,"〒001-0017　北海道札幌市北区北17条西4丁目21　藤井ビル北17条Ⅱ2F<br><br>","[]","[]","http://www.teck.jp/maybe/","jp","Japan","JP"
,"ｍａｐｌｅ"," (W98)　高級娼婦　～コルティジャーナ～<br>",,"〒166-0003　東京都杉並区高円寺南1-17-8<br><br>","[]","[]","http://www.maple-hp.com/","com",,"N/A"
,"メカニック・アームズ"," (PS.PS2.DC.W98.ETC)　そろばんぐ",,"〒112-0002　東京都文京区小石川5-10-4　ヒルトップ小石川４０３　　03(3812)3684","[]","[]","http://www.lares.dti.ne.jp/~marms/","jp","Japan","JP"
,"ｍｅｇａｍｉ"," (W98)　ゆめぐみ<br>",,"〒530-0047　大阪府大阪市北区西天満6-5-17　デジタルエイトビル5F　06(6367)0099<br><br>","[]","[]","http://www.megami.co.jp/","jp","Japan","JP"
,"ＭＥＳＡ"," (DC.W98)　吉亜の丘で寝ころんで・・・",,"〒556-0022　大阪市浪速区桜川3-5-1　脇田ビル２Ｆ","[]","[]","http://www.dennoclub.com/","com",,"N/A"
,"メディアエンターテイメント"," (PS.DC.N64.W98.ETC)　ディスクワールド",,"〒142-0041　東京都品川区戸越5-4-3　ＤＮ五反田南ビル４Ｆ　　03(3788)6150","[]","[]","http://www.media-e.co.jp/","jp","Japan","N/A"
,"メディア・ビジョン"," (PS.PS2)　ワイルドアームズ",,"〒164-0011　東京都中野区中央1-38-1　住友中野坂上ビル８Ｆ　　03(3227)7056","[]","[]","http://www.media-vision.co.jp/","jp","Japan","JP"
,"メディアファクトリー"," (PS,PS2,N64,DC)　ドリコレ　カルドセプト　セカンド<br>",,"〒104-0061　東京都中央区銀座8丁目4番17号<br><br>","[]","[]","http://www.mediafactory.co.jp/","jp","Japan","JP"
,"メディアボックス"," (W98)　ＳＴＡＲＴ",,"〒120-0005　東京都足立区綾瀬3-6-6","[]","[]","http://www.bellda.co.jp/","jp","Japan","N/A"
,"メディアミューズ"," (PS.DC.W98.ETC)　無人島物語",,"〒142-0041　東京都品川区戸越1-6-7　ＫＳＳスタジオビル６Ｆ　　03(3782)1440","[]","[]","http://www.mediamuse.co.jp/","jp","Japan","N/A"
,"メディアリング"," (PS.ETC)　タクティカル・ファイター",,"〒107-0052　東京都港区赤坂8-5-32　赤坂山勝ビル２Ｆ　　03(5474)1650","[]","[]","http://www.mrc.mpi-mrc.co.jp/","jp","Japan","N/A"
,"メディアワークス"," (PS.PS2.DC)　悠久幻想曲",,"〒101-8305　東京都千代田区神田駿河台1-8 東京ＹＷＣＡ会館　　03(5281)5201","[]","[]","http://www.mediaworks.co.jp/","jp","Japan","JP"
,"萌。"," (W98)　いもうとブルマ<br>",,"〒130-0021　東京都墨田区緑1-28-4　ニュー両国ハイツ201<br><br>","[]","[]","http://moe.product.co.jp/","jp","Japan","N/A"
,"モード"," (W98.ETC)　PowerTone",,"〒271-0077　千葉県松戸市根本122-1　オークビルＢ１　　047(360)3224","[]","[]","http://www.mode.co.jp/","jp","Japan","JP"
,"ＭＯＳＳ"," (PS.AC)　ダービークイズ・マイドリームホース",,"〒110-0014　東京都台東区北上野1-8-3　三木ビル４Ｆ　　03(3843)1310","[]","[]","http://www.mossjp.co.jp/","jp","Japan","JP"
,"モノリスソフト"," (PS2)　",,"〒146-0093　東京都大田区矢口2-1-21","[]","[]","http://www.monolithsoft.co.jp/","jp","Japan","JP"
,"モバイル２１"," (GB.ETC)　ドルフィン・ゲームボーイアドバンス用ソフト",,"〒111-0053　東京都台東区浅草橋5-21-4　　03(3863)4071","[]","[]","http://www.mobile21.co.jp/","jp","Japan","N/A"
,"やのまん"," <b><font size=""+2""><a name=""y"">ヤ</a> </font></b> (PS)　フェーダ２",,"〒130-0004　東京都墨田区本所4-19-3　アサイビル３Ｆ　　03(3625)1161","[]","[]","http://www.yanoman.co.jp/","jp","Japan","JP"
,"山栄"," (W98)　ダイナスティア<br>",,"〒162-0843　東京都新宿区市谷田町1-1-3<br><br>","[]","[]","http://www.s-garden.com/","com",,"JP"
