"web-scraper-order","name_ja","company_games","company_description","company_descr_country","company_descr_city","url","top_level_domain","tld_country","link_geoip"
"1522049599-2555","May-Be SOFT",,,,,"http://www.lievre.jp/","jp","Japan","DE"
"1522049479-2156",,,,,,,,,
"1522049479-2163",,,,,,,,,
"1522049479-2204","郎猫儿(らんまーる)",,,,,"http://www.langmaor.com/","com",,"JP"
"1522049479-2147",,,,,,,,,
"1522049479-2245","ルネソフト",,,,,"http://www.lune-soft.jp/","jp","Japan","JP"
"1522049479-2129",,,,,,,,,
"1522049599-2459",,,,,,,,,
"1522049539-2401","ORBIT",,,,,"http://www.orbit-soft.com/","com",,"JP"
"1522049599-2467",,,,,,,,,
"1522049479-2200","ランダムハウス",,,,,"http://www.randomhouse.co.jp/","jp","Japan","N/A"
"1522049479-2203","ランプオブシュガー",,,,,"http://www.lumpofsugar.co.jp/","jp","Japan","JP"
"1522049539-2432","(株)レベルファイブ",,,,,"http://www.level5.co.jp/","jp","Japan","JP"
"1522049479-2240","ル・ショコラ",,,,,"http://www.saibunkan.co.jp/lechocolat/","jp","Japan","JP"
"1522049599-2512","マシス",,,,,"http://www.masys.co.jp/","jp","Japan","JP"
"1522049599-2545","みるくそふと",,,,,"http://home.milksoft.d-net.to/","to","Tonga","JP"
"1522049479-2135",,,,,,,,,
"1522049599-2542","美蕾（みらい）",,,,,"http://www.mirai-soft.com/","com",,"JP"
"1522049599-2540","Muscadet(ミュスカデ)",,,,,"http://muscadet-soft.com/","com",,"US"
"1522049539-2414","ルネlovesK",,,,,"http://www.marigold.co.jp/loves_k/","jp","Japan","JP"
"1522049539-2316",,,,,,,,,
"1522049599-2551","Mink EGO",,,,,"http://www.mink.co.jp/ego/","jp","Japan","JP"
"1522049539-2362","LOVEDELIVERY",,,,,"http://lovedelivery.biz/","biz",,"US"
"1522049539-2368","(株)ランド・ホー",,,,,"http://www.landho.co.jp/","jp","Japan","JP"
"1522049479-2244","ルネ",,,,,"http://www.marigold.co.jp/lune/","jp","Japan","JP"
"1522049539-2363","Lamia",,,,,"http://www.clearrave.co.jp/brand/brand_lamia.html","jp","Japan","JP"
"1522049539-2374","RealArcade(リアルアーケード)",,,,,"http://www.jp.realarcade.com/","com",,"JP"
"1522049539-2415","ルピナス",,,,,"http://www.if-lupinus.com/","com",,"JP"
"1522049599-2552","ムームー",,,,,"http://www.muumuu.com/","com",,"JP"
"1522049539-2341","LimeLight(ライムライト)",,,,,"http://limelight.product.co.jp/","jp","Japan","N/A"
"1522049539-2297",,,,,,,,,
"1522049539-2419","raiL-soft(レイルソフト)",,,,,"http://www.liar.co.jp/raiL/","jp","Japan","JP"
"1522049479-2142",,,,,,,,,
"1522049599-2484",,,,,,,,,
"1522049539-2291",,,,,,,,,
"1522049539-2322",,,,,,,,,
"1522049539-2329",,,,,,,,,
"1522049539-2307",,,,,,,,,
"1522049599-2457",,,,,,,,,
"1522049599-2476",,,,,,,,,
"1522049539-2445","Rosebleu(ロゼブル)",,,,,"http://www.rosebleu.jp/","jp","Japan","US"
"1522049599-2489",,,,,,,,,
"1522049599-2509","MAGI white(マギ・ホワイト)",,,,,"http://www.magi-soft.jp/","jp","Japan","JP"
"1522049539-2319",,,,,,,,,
"1522049599-2503","(有)マイトレジャー[My Treasure]",,,,,"http://www.my-tre.net/","net",,"N/A"
"1522049479-2186","LOVERSOUL",,,,,"http://www.loversoul.jp/","jp","Japan","US"
"1522049479-2132",,,,,,,,,
"1522049479-2179","La’cryma(ラクリマ)",,,,,"http://lacryma.info/","info",,"JP"
"1522049479-2130",,,,,,,,,
"1522049479-2279","Rosebleu(ロゼブル)",,,,,"http://www.rosebleu.jp/","jp","Japan","US"
"1522049539-2350","Latte(ラテ)",,,,,"http://latte.nexton-net.jp/","jp","Japan","JP"
"1522049539-2301",,,,,,,,,
"1522049479-2217","オカリナ",,,,,"http://www.ktfactory.tv/","tv","Tuvalu","JP"
"1522049539-2420","(株)レインエンターテイメント",,,,,"http://www.rainsoftware.com/","com",,"N/A"
"1522049479-2126",,,,,,,,,
"1522049539-2408","ルナソフト",,,,,"http://lunasoft.jp/","jp","Japan","JP"
"1522049599-2557","メカニック・アームズ",,,,,"http://www.lares.dti.ne.jp/~marms/","jp","Japan","JP"
"1522049539-2344","(株)ラクジン",,,,,"http://www.racjin.co.jp/","jp","Japan","JP"
"1522049479-2136",,,,,,,,,
"1522049539-2340","Lime(ライム)",,,,,"http://www.project-lime.com/","com",,"JP"
"1522049539-2438","(有)ロータス",,,,,"http://www.lotus-inc.jp/","jp","Japan","DE"
"1522049599-2569","めろめろキュ～ト",,,,,"http://meroq.net/","net",,"JP"
"1522049476-2112","Ｗａｆｆｌｅ",,,,,"http://www.waffle1999.com/","com",,"JP"
"1522049599-2528","mixed up(ミクストアップ)",,,,,"http://www.mixed-up-web.com/","com",,"US"
"1522049479-2221","(有)リバース・イメージ・クリエイション(R.I.C)",,,,,"http://www.ric-japan.com/","com",,"JP"
"1522049599-2455",,,,,,,,,
"1522049599-2474",,,,,,,,,
"1522049539-2434","インフォレスト(株)",,,,,"http://www.infor.co.jp/","jp","Japan","US"
"1522049599-2491",,,,,,,,,
"1522049479-2241","Lucha Libre(ルチャリブレ)",,,,,"http://www.luchalibre-game.com/","com",,"JP"
"1522049539-2311",,,,,,,,,
"1522049599-2490",,,,,,,,,
"1522049539-2412","ルネ Team Bitters",,,,,"http://www.marigold.co.jp/team_bitters/","jp","Japan","JP"
"1522049476-2107",,,,,,,,,
"1522049479-2194","Love Juice ピンク",,,,,"http://www.love-juice.jp/index.html","jp","Japan","JP"
"1522049479-2143",,,,,,,,,
"1522049599-2508","MAGI black(マギ・ブラック)",,,,,"http://www.magi-soft.jp/","jp","Japan","JP"
"1522049599-2535","みなとカーニバル",,,,,"http://www.minatocarnival.com/","com",,"JP"
"1522049599-2532","乱蝶姫(みだれあげは)",,,,,"http://www.setsugetsuka-software.co.jp/","jp","Japan","N/A"
"1522049599-2571","めるてぃぷらす",,,,,"http://melty-plus.com/","com",,"NL"
"1522049479-2236","√nuko",,,,,"http://rootnuko.jp/","jp","Japan","JP"
"1522049599-2515","祭企画",,,,,"http://www.matsuri-kikaku.com/","com",,"N/A"
"1522049479-2122",,,,,,,,,
"1522049479-2212","Reon(リオン)",,,,,"http://www.reon-soft.com/","com",,"JP"
"1522049479-2195","ラプター",,,,,"http://www.sp-janis.com/","com",,"JP"
"1522049479-2251","(有)レイヴ",,,,,"http://www.remus.dti.ne.jp/~rave-aki/","jp","Japan","JP"
"1522049599-2496","ま～まれぇど",,,,,"http://www.web-marmalade.com/","com",,"JP"
"1522049479-2196","LOVEDELIVERY",,,,,"http://lovedelivery.biz/","biz",,"US"
"1522049479-2190","Lapis lazuli(ラピスラズリ)",,,,,"http://www.lapislazuli-soft.com/","com",,"JP"
"1522049599-2554","Moon Parrot(ムーンパロット)",,,,,"http://www.moon-parrot.com/","com",,"N/A"
"1522049539-2288",,,,,,,,,
"1522049476-2111","WAS",,,,,"http://ces-n.com/was/","com",,"JP"
"1522049539-2286",,,,,,,,,
"1522049479-2250","レイ",,,,,"http://www.ray.co.jp/","jp","Japan","JP"
"1522049599-2449",,,,,,,,,
"1522049539-2389","リビドー",,,,,"http://www.libido.ne.jp/","jp","Japan","JP"
"1522049599-2516","material",,,,,"http://www.material-game.com/","com",,"JP"
"1522049476-2105",,,,,,,,,
"1522049599-2499","Micro Groove",,,,,"http://www.cyc-soft.com/","com",,"JP"
"1522049479-2184","Latte(ラテ)",,,,,"http://latte.nexton-net.jp/","jp","Japan","JP"
"1522049599-2559","(株)エクストリーム",,,,,"http://www.e-xtreme.co.jp/","jp","Japan","JP"
"1522049539-2318",,,,,,,,,
"1522049479-2138",,,,,,,,,
"1522049479-2260","(株)レッド・エンタテインメント",,,,,"http://red-entertainment.co.jp/","jp","Japan","JP"
"1522049479-2152",,,,,,,,,
"1522049599-2525","(株)マルチメディア インテリジェンス トランスファー [MIT]",,,,,"http://www.mitjapan.com/","com",,"JP"
"1522049476-2113","WAM(ワム)",,,,,"http://www.at-sakura.net/wam/main.php","net",,"US"
"1522049479-2228","リリス",,,,,"http://www.lilith-soft.com/","com",,"JP"
"1522049479-2262","RED-ZONE",,,,,"http://rzone.jp/","jp","Japan","JP"
"1522049479-2153",,,,,,,,,
"1522049599-2526","Marron",,,,,"http://www.marron.nu/","nu","Niue","FR"
"1522049599-2483",,,,,,,,,
"1522049599-2543","ミルククラウン",,,,,"http://www.milkcrown.co.jp/","jp","Japan","JP"
"1522049479-2124",,,,,,,,,
"1522049479-2149",,,,,,,,,
"1522049476-2106",,,,,,,,,
"1522049479-2265","(株)アストロール",,,,,"http://www.musical.jp/astroll/","jp","Japan","JP"
"1522049479-2273","(株)ログ",,,,,"http://www.log.co.jp/","jp","Japan","JP"
"1522049479-2216","Ricotta(リコッタ)",,,,,"http://www.ricotta-soft.jp/","jp","Japan","JP"
"1522049479-2231","LiLiM DARKNESS",,,,,"http://s-digi.jp/lilim/","jp","Japan","JP"
"1522049539-2296",,,,,,,,,
"1522049539-2441","ロケットカンパニー(株)",,,,,"http://www.rocketcompany.co.jp/","jp","Japan","N/A"
"1522049479-2232","LiLiM生",,,,,"http://s-digi.jp/lilim/","jp","Japan","JP"
"1522049479-2261","(株)レッド・エンタテインメント",,,,,"http://red-entertainment.co.jp/","jp","Japan","JP"
"1522049599-2493",,,,,,,,,
"1522049599-2460",,,,,,,,,
"1522049479-2249","ルピナス",,,,,"http://www.if-lupinus.com/","com",,"JP"
"1522049479-2172","Ripe",,,,,"http://www.teck.jp/ripe/","jp","Japan","JP"
"1522049539-2380","liquid-shine",,,,,"http://liquid.nexton-net.jp/","jp","Japan","JP"
"1522049539-2299",,,,,,,,,
"1522049539-2385","リトルウイング",,,,,"http://www.littlewingpinball.com/","com",,"JP"
"1522049599-2573","MORE",,,,,"http://www.moresoft-info.jp/","jp","Japan","JP"
"1522049539-2293",,,,,,,,,
"1522049599-2464",,,,,,,,,
"1522049479-2162",,,,,,,,,
"1522049599-2494",,,,,,,,,
"1522049539-2292",,,,,,,,,
"1522049599-2469",,,,,,,,,
"1522049539-2349","R u s s e l l . p u r e(ラッセル・ピュア)",,,,,"http://www.russel.co.jp/pure/index.html","jp","Japan","JP"
"1522049539-2388","(株)アルティ",,,,,"http://www.althi.co.jp/","jp","Japan","JP"
"1522049539-2400","rouge(ルージュ)",,,,,"http://www.will-japan.co.jp/rouge/","jp","Japan","JP"
"1522049539-2398","LiLiM生",,,,,"http://s-digi.jp/lilim/","jp","Japan","JP"
"1522049599-2567","menue(株)",,,,,"http://www.menue.co.jp/","jp","Japan","JP"
"1522049599-2500","マイクロソフト",,,,,"http://www.microsoft.com/japan/games/","com",,"NL"
"1522049599-2454",,,,,,,,,
"1522049599-2481",,,,,,,,,
"1522049476-2114","わるきゅ～れ",,,,,"http://www.ordin-soft.com/","com",,"JP"
"1522049539-2443","LOST SCRIPT(ロストスクリプト)",,,,,"http://www.lostscript.jp/","jp","Japan","JP"
"1522049539-2294",,,,,,,,,
"1522049599-2576","萌♂",,,,,"http://moe.product.co.jp/","jp","Japan","N/A"
"1522049599-2452",,,,,,,,,
"1522049539-2312",,,,,,,,,
"1522049599-2586","Molamola software",,,,,"http://www.molamola-soft.net/","net",,"JP"
"1522049479-2183","R u s s e l l . p u r e(ラッセル・ピュア)",,,,,"http://www.russel.co.jp/pure/index.html","jp","Japan","JP"
"1522049479-2120",,,,,,,,,
"1522049539-2404","(株)ルーン",,,,,"http://www.rune.jp/","jp","Japan","JP"
"1522049539-2282",,,,,,,,,
"1522049479-2227","Lillian(リリアン)",,,,,"http://www.lillian.jp/","jp","Japan","JP"
"1522049599-2492",,,,,,,,,
"1522049599-2505","(株)マイナビ",,,,,"http://soft.mycom.co.jp/","jp","Japan","JP"
"1522049599-2507","まかろんソフト",,,,,"http://macaronsoft.jp/","jp","Japan","JP"
"1522049479-2208","RealArcade(リアルアーケード)",,,,,"http://www.jp.realarcade.com/","com",,"JP"
"1522049479-2182","(株)ラッセル",,,,,"http://www.w-russell.jp/","jp","Japan","JP"
"1522049599-2477",,,,,,,,,
"1522049599-2564","(株)アスキー・メディアワークス",,,,,"http://asciimw.jp/","jp","Japan","JP"
"1522049599-2501","(株)マイクロネット",,,,,"http://micronetclub.co.jp/","jp","Japan","JP"
"1522049479-2131",,,,,,,,,
"1522049599-2539","美遊(ミュウ)",,,,,"http://www.mu-game.co.jp/","jp","Japan","N/A"
"1522049539-2324",,,,,,,,,
"1522049599-2565","MeDIOZA",,,,,"http://www2s.biglobe.ne.jp/~wangan/","jp","Japan","JP"
"1522049599-2538","(株)MUTAN(ミュータン)",,,,,"http://www.mu-tan.co.jp/","jp","Japan","JP"
"1522049479-2151",,,,,,,,,
"1522049476-2109",,,,,,,,,
"1522049479-2264","レッドレベル",,,,,"http://www.digianime.co.jp/redrebel/","jp","Japan","JP"
"1522049476-2115","One-up",,,,,"http://one-1up.com/","com",,"JP"
"1522049479-2271","Rose Liese(ローズリーゼ)",,,,,"http://www.roseliese.com/","com",,"US"
"1522049539-2435","ローズクラウン",,,,,"http://www.rose-tiara.com/","com",,"VG"
"1522049539-2354","lapin(ラパン)",,,,,"http://www.bunnyhole.jp/","jp","Japan","JP"
"1522049539-2365","(有)ランカース[LANCARSE Ltd.]",,,,,"http://www.lancarse.co.jp/","jp","Japan","JP"
"1522049539-2333",,,,,,,,,
"1522049599-2524","NHN Japan (株)",,,,,"http://www.nhncorp.jp/","jp","Japan","JP"
"1522049539-2392","リューノス",,,,,"http://www.arkham-products.jp/products.html","jp","Japan","N/A"
"1522049539-2351","ラディ",,,,,"http://radi.product.co.jp/","jp","Japan","JP"
"1522049539-2314",,,,,,,,,
"1522049539-2376","REALDEAL",,,,,"http://realdeal.product.co.jp/","jp","Japan","N/A"
"1522049539-2337","(株)ライノスタジオ",,,,,"http://www.rhino-studios.co.jp/","jp","Japan","IE"
"1522049539-2399","RINGER BELL",,,,,"http://www.rits.co.jp/rb/","jp","Japan","JP"
"1522049599-2550","ミンク",,,,,"http://www.mink.co.jp/","jp","Japan","JP"
"1522049539-2406","ル・ショコラ",,,,,"http://www.saibunkan.co.jp/lechocolat/","jp","Japan","JP"
"1522049539-2413","ルネ featuring D",,,,,"http://www.marigold.co.jp/featuring-d/index.html","jp","Japan","JP"
"1522049479-2123",,,,,,,,,
"1522049539-2346","ラス",,,,,"http://lass.jp/","jp","Japan","JP"
"1522049539-2339","LiFox(ライフォックス)",,,,,"http://www.lifox.co.jp/","jp","Japan","JP"
"1522049599-2520","マリーベル",,,,,"http://www.cellworks.co.jp/","jp","Japan","N/A"
"1522049479-2274","(有)六面堂",,,,,"http://www.rokumendo.com/","com",,"JP"
"1522049539-2391","りぷる",,,,,"http://libre-soft.jp/","jp","Japan","JP"
"1522049479-2145",,,,,,,,,
"1522049479-2247","ルネ featuring D",,,,,"http://www.marigold.co.jp/featuring-d/index.html","jp","Japan","JP"
"1522049599-2463",,,,,,,,,
"1522049539-2321",,,,,,,,,
"1522049539-2396","LiLiM",,,,,"http://s-digi.jp/lilim/","jp","Japan","JP"
"1522049539-2300",,,,,,,,,
"1522049539-2429","レッドレーベル",,,,,"http://www.digianime.co.jp/redlabel/","jp","Japan","JP"
"1522049539-2308",,,,,,,,,
"1522049539-2403","rootnuko+H(るーとぬこぷらすえっち)",,,,,"http://rootnuko.jp/","jp","Japan","JP"
"1522049599-2585","桃フェロ",,,,,"http://momofero.masterup.net/","net",,"N/A"
"1522049599-2574","Moviendo(モヴィエンド)",,,,,"http://www.moviendo-soft.com/","com",,"JP"
"1522049599-2506","Mindware",,,,,"http://pinball.co.jp/","jp","Japan","JP"
"1522049479-2166",,,,,,,,,
"1522049599-2548","Mille-feuille(ミルフィーユ)",,,,,"http://www.mille-feuille.jp/","jp","Japan","JP"
"1522049479-2159",,,,,,,,,
"1522049479-2223","リビドー",,,,,"http://www.libido.ne.jp/","jp","Japan","JP"
"1522049539-2366","ランダムハウス",,,,,"http://www.randomhouse.co.jp/","jp","Japan","N/A"
"1522049599-2572","もーにんぐ",,,,,"http://www.morning-net.com/","com",,"JP"
"1522049599-2475",,,,,,,,,
"1522049539-2289",,,,,,,,,
"1522049539-2425","(有)レジスタ[Regista]",,,,,"http://regista.co.jp/","jp","Japan","JP"
"1522049479-2235","ORBIT",,,,,"http://www.orbit-soft.com/","com",,"JP"
"1522049539-2387","(有)リバース・イメージ・クリエイション(R.I.C)",,,,,"http://www.ric-japan.com/","com",,"JP"
"1522049539-2447","Rondo Bell(ロンドベル)",,,,,"http://web-giga.com/rondobell/","com",,"JP"
"1522049479-2275","ロケットカンパニー(株)",,,,,"http://www.rocketcompany.co.jp/","jp","Japan","N/A"
"1522049539-2427","(株)レッド・エンタテインメント",,,,,"http://red-entertainment.co.jp/","jp","Japan","JP"
"1522049539-2325",,,,,,,,,
"1522049539-2418","Rateblack(レイトブラック)",,,,,"http://www.light.gr.jp/","jp","Japan","JP"
"1522049599-2522","マリン",,,,,"http://marigold.1000.tv/marine/","tv","Tuvalu","JP"
"1522049539-2375","(株)リアルアンリアル",,,,,"http://www.real-unreal.info/","info",,"JP"
"1522049539-2343","Luxury(ラグジュアリー)",,,,,"http://luxury.nexton-net.jp/","jp","Japan","JP"
"1522049599-2511","枕",,,,,"http://www.makura-soft.com/","com",,"JP"
"1522049479-2161",,,,,,,,,
"1522049479-2224","riffraff",,,,,"http://riffraff.product.co.jp/","jp","Japan","JP"
"1522049599-2487",,,,,,,,,
"1522049599-2466",,,,,,,,,
"1522049599-2448",,,,,,,,,
"1522049479-2125",,,,,,,,,
"1522049599-2480",,,,,,,,,
"1522049539-2410","ルネ",,,,,"http://www.marigold.co.jp/lune/","jp","Japan","JP"
"1522049539-2352","LOVERSOUL",,,,,"http://www.loversoul.jp/","jp","Japan","US"
"1522049479-2193","Love Juice",,,,,"http://www.love-juice.jp/","jp","Japan","JP"
"1522049539-2334",,,,,,,,,
"1522049539-2331",,,,,,,,,
"1522049479-2230","LiLiM",,,,,"http://s-digi.jp/lilim/","jp","Japan","JP"
"1522049479-2181","Lusterise（らすたらいず）",,,,,"http://www.lusterise.com/","com",,"JP"
"1522049539-2345","La’cryma(ラクリマ)",,,,,"http://lacryma.info/","info",,"JP"
"1522049479-2234","rouge(ルージュ)",,,,,"http://www.will-japan.co.jp/rouge/","jp","Japan","JP"
"1522049539-2394","リリス",,,,,"http://www.lilith-soft.com/","com",,"JP"
"1522049539-2407","Lucha Libre(ルチャリブレ)",,,,,"http://www.luchalibre-game.com/","com",,"JP"
"1522049479-2176","Lilac Soft",,,,,"http://aoiumiyori.jp/","jp","Japan","US"
"1522049539-2440","(有)六面堂",,,,,"http://www.rokumendo.com/","com",,"JP"
"1522049479-2177","Luxury(ラグジュアリー)",,,,,"http://luxury.nexton-net.jp/","jp","Japan","JP"
"1522049539-2313",,,,,,,,,
"1522049539-2439","(株)ログ",,,,,"http://www.log.co.jp/","jp","Japan","JP"
"1522049479-2225","りぷる",,,,,"http://libre-soft.jp/","jp","Japan","JP"
"1522049479-2238","(株)ルーン",,,,,"http://www.rune.jp/","jp","Japan","JP"
"1522049539-2332",,,,,,,,,
"1522049599-2472",,,,,,,,,
"1522049599-2530","ミストウォーカー",,,,,"http://www.mistwalkercorp.com/","com",,"JP"
"1522049599-2502","マイクロビジョン",,,,,"http://www.microvision.co.jp/","jp","Japan","JP"
"1522049539-2298",,,,,,,,,
"1522049479-2272","(有)ロータス",,,,,"http://www.lotus-inc.jp/","jp","Japan","DE"
"1522049599-2462",,,,,,,,,
"1522049479-2233","RINGER BELL",,,,,"http://www.rits.co.jp/rb/","jp","Japan","JP"
"1522049539-2377","Rio",,,,,"http://rio.product.co.jp/","jp","Japan","JP"
"1522049479-2146",,,,,,,,,
"1522049479-2171","(株)ライノスタジオ",,,,,"http://www.rhino-studios.co.jp/","jp","Japan","IE"
"1522049539-2287",,,,,,,,,
"1522049599-2531","ミスリルソフトウェア",,,,,"http://www.mithril-software.jp/","jp","Japan","JP"
"1522049479-2222","(株)アルティ",,,,,"http://www.althi.co.jp/","jp","Japan","JP"
"1522049599-2478",,,,,,,,,
"1522049539-2428","RED-ZONE",,,,,"http://rzone.jp/","jp","Japan","JP"
"1522049599-2465",,,,,,,,,
"1522049479-2226","リューノス",,,,,"http://www.arkham-products.jp/products.html","jp","Japan","N/A"
"1522049599-2578","MOSAIC(モザイク)",,,,,"http://www.hue.co.jp/","jp","Japan","N/A"
"1522049539-2336",,,,,,,,,
"1522049479-2239","Lurid(ルアリッド)",,,,,"http://www.lurid.jp/","jp","Japan","JP"
"1522049599-2570","めるてぃ",,,,,"http://melty-plus.com/","com",,"NL"
"1522049539-2381","liquid-touchable",,,,,"http://liquid.nexton-net.jp/","jp","Japan","JP"
"1522049539-2397","LiLiM DARKNESS",,,,,"http://s-digi.jp/lilim/","jp","Japan","JP"
"1522049479-2174","Lime(ライム)",,,,,"http://www.project-lime.com/","com",,"JP"
"1522049539-2423","レインボー・ジャパン",,,,,"http://www.rainbow.co.jp/","jp","Japan","JP"
"1522049599-2453",,,,,,,,,
"1522049479-2242","ルナソフト",,,,,"http://lunasoft.jp/","jp","Japan","JP"
"1522049479-2139",,,,,,,,,
"1522049599-2486",,,,,,,,,
"1522049479-2277","LOST SCRIPT(ロストスクリプト)",,,,,"http://www.lostscript.jp/","jp","Japan","JP"
"1522049539-2437","Rose Liese(ローズリーゼ)",,,,,"http://www.roseliese.com/","com",,"US"
"1522049479-2185","ラディ",,,,,"http://radi.product.co.jp/","jp","Japan","JP"
"1522049539-2373","REAL",,,,,"http://www.itazura.biz/","biz",,"JP"
"1522049539-2283",,,,,,,,,
"1522049479-2137",,,,,,,,,
"1522049539-2305",,,,,,,,,
"1522049479-2117",,,,,,,,,
"1522049599-2584","桃雛",,,,,"http://www.hina-soft.com/","com",,"N/A"
"1522049539-2383","オカリナ",,,,,"http://www.ktfactory.tv/","tv","Tuvalu","JP"
"1522049599-2471",,,,,,,,,
"1522049479-2118",,,,,,,,,
"1522049479-2206","Reactor",,,,,"http://reactor.me/","me","Montenegro","JP"
"1522049479-2173","LiFox(ライフォックス)",,,,,"http://www.lifox.co.jp/","jp","Japan","JP"
"1522049479-2198","(株)ラルクス",,,,,"http://www.larcx.com/","com",,"US"
"1522049479-2167",,,,,,,,,
"1522049476-2108",,,,,,,,,
"1522049599-2580","Monogram(モノグラム)",,,,,"http://www.monogramsoft.com/","com",,"VG"
"1522049539-2409","LUNATIC(ルナティック)",,,,,"http://www.lunatic-soft.jp/","jp","Japan","US"
"1522049539-2356","Lapis lazuli(ラピスラズリ)",,,,,"http://www.lapislazuli-soft.com/","com",,"JP"
"1522049479-2169",,,,,,,,,
"1522049539-2335",,,,,,,,,
"1522049539-2353","らぱぷる",,,,,"http://www.rapapuru.com/","com",,"US"
"1522049599-2517","(株)マトリックス",,,,,"http://www.matrixsoft.co.jp/","jp","Japan","JP"
"1522049599-2579","MOSS",,,,,"http://www.mossjp.co.jp/","jp","Japan","JP"
"1522049479-2133",,,,,,,,,
"1522049599-2544","牛乳戦車(ミルクタンク)",,,,,"http://gyunyusensha.sakura.ne.jp/","jp","Japan","JP"
"1522049539-2436","ローズティアラ",,,,,"http://www.rose-tiara.com/","com",,"VG"
"1522049539-2382","Ricotta(リコッタ)",,,,,"http://www.ricotta-soft.jp/","jp","Japan","JP"
"1522049539-2442","(株)ロケットスタジオ",,,,,"http://www.rocketstd.co.jp/","jp","Japan","JP"
"1522049599-2504","(株)マイナビ",,,,,"http://soft.mycom.co.jp/","jp","Japan","JP"
"1522049539-2422","Rainbow Cyc(レインボウサイク)",,,,,"http://www.cyc-soft.com/","com",,"JP"
"1522049539-2309",,,,,,,,,
"1522049479-2257","レインボー・ジャパン",,,,,"http://www.rainbow.co.jp/","jp","Japan","JP"
"1522049539-2372","Reactor",,,,,"http://reactor.me/","me","Montenegro","JP"
"1522049479-2269","ローズクラウン",,,,,"http://www.rose-tiara.com/","com",,"VG"
"1522049599-2518","MANATSU_8(まなつエイト)",,,,,"http://www.manatsu8.com/","com",,"JP"
"1522049539-2358","Rabbit",,,,,"http://www.pamsoft.co.jp/","jp","Japan","JP"
"1522049479-2263","レッドレーベル",,,,,"http://www.digianime.co.jp/redlabel/","jp","Japan","JP"
"1522049479-2209","(株)リアルアンリアル",,,,,"http://www.real-unreal.info/","info",,"JP"
"1522049479-2281","Rondo Bell(ロンドベル)",,,,,"http://web-giga.com/rondobell/","com",,"JP"
"1522049539-2342","Lilac Soft",,,,,"http://aoiumiyori.jp/","jp","Japan","US"
"1522049599-2566","(株)メトロ",,,,,"http://www.metro-japan.com/","com",,"JP"
"1522049599-2513","マジテック",,,,,"http://www.aa.alpha-net.ne.jp/esaki/","jp","Japan","JP"
"1522049479-2127",,,,,,,,,
"1522049479-2134",,,,,,,,,
"1522049539-2444","ロストハート",,,,,"http://www.zeal.gr.jp/LostHeart/","jp","Japan","N/A"
"1522049599-2458",,,,,,,,,
"1522049479-2158",,,,,,,,,
"1522049599-2546","みるくぱい",,,,,"http://www.milk-pai.com/","com",,"JP"
"1522049599-2485",,,,,,,,,
"1522049599-2558","メガロマンス",,,,,"http://www.coremagazine.co.jp/megaromance/","jp","Japan","JP"
"1522049539-2430","レッドレベル",,,,,"http://www.digianime.co.jp/redrebel/","jp","Japan","JP"
"1522049539-2417","(有)レイヴ",,,,,"http://www.remus.dti.ne.jp/~rave-aki/","jp","Japan","JP"
"1522049479-2144",,,,,,,,,
"1522049479-2280","Lo-Lilith",,,,,"http://www.lilith-soft.com/lolilith/","com",,"JP"
"1522049539-2379","リキッド",,,,,"http://liquid.nexton-net.jp/","jp","Japan","JP"
"1522049539-2426","(株)レッド・エンタテインメント",,,,,"http://red-entertainment.co.jp/","jp","Japan","JP"
"1522049539-2310",,,,,,,,,
"1522049539-2290",,,,,,,,,
"1522049599-2560","メディアート",,,,,"http://www.cscweb.co.jp/","jp","Japan","JP"
"1522049539-2424","レオン・スタジオ(株)",,,,,"http://www.leon-studio.com/","com",,"JP"
"1522049479-2205","リーフ",,,,,"http://leaf.aquaplus.co.jp/","jp","Japan","JP"
"1522049599-2479",,,,,,,,,
"1522049479-2165",,,,,,,,,
"1522049479-2164",,,,,,,,,
"1522049479-2148",,,,,,,,,
"1522049479-2119",,,,,,,,,
"1522049539-2369","ランプオブシュガー",,,,,"http://www.lumpofsugar.co.jp/","jp","Japan","JP"
"1522049539-2302",,,,,,,,,
"1522049599-2581","モノリスソフト",,,,,"http://www.monolithsoft.co.jp/","jp","Japan","JP"
"1522049599-2473",,,,,,,,,
"1522049539-2360","Love Juice ピンク",,,,,"http://www.love-juice.jp/index.html","jp","Japan","JP"
"1522049539-2371","リーフ",,,,,"http://leaf.aquaplus.co.jp/","jp","Japan","JP"
"1522049479-2207","REAL",,,,,"http://www.itazura.biz/","biz",,"JP"
"1522049479-2116",,,,,,,,,
"1522049539-2357","ラビソフト",,,,,"http://www.lavi-soft.com/","com",,"JP"
"1522049539-2355","LAPIS BLUe.",,,,,"http://bifronte.com/","com",,"US"
"1522049479-2155",,,,,,,,,
"1522049479-2258","レオン・スタジオ(株)",,,,,"http://www.leon-studio.com/","com",,"JP"
"1522049479-2128",,,,,,,,,
"1522049479-2188","lapin(ラパン)",,,,,"http://www.bunnyhole.jp/","jp","Japan","JP"
"1522049539-2323",,,,,,,,,
"1522049479-2237","rootnuko+H(るーとぬこぷらすえっち)",,,,,"http://rootnuko.jp/","jp","Japan","JP"
"1522049479-2255","(株)レインエンターテイメント",,,,,"http://www.rainsoftware.com/","com",,"N/A"
"1522049476-2110","Whirlpool",,,,,"http://www.whirlpool.co.jp/","jp","Japan","JP"
"1522049599-2470",,,,,,,,,
"1522049479-2248","ルネlovesK",,,,,"http://www.marigold.co.jp/loves_k/","jp","Japan","JP"
"1522049539-2348","(株)ラッセル",,,,,"http://www.w-russell.jp/","jp","Japan","JP"
"1522049599-2537","minori",,,,,"http://www.minori.ph/","ph","Philippines","JP"
"1522049479-2197","Lamia",,,,,"http://www.clearrave.co.jp/brand/brand_lamia.html","jp","Japan","JP"
"1522049479-2141",,,,,,,,,
"1522049479-2178","(株)ラクジン",,,,,"http://www.racjin.co.jp/","jp","Japan","JP"
"1522049539-2327",,,,,,,,,
"1522049479-2175","LimeLight(ライムライト)",,,,,"http://limelight.product.co.jp/","jp","Japan","N/A"
"1522049479-2199","(有)ランカース[LANCARSE Ltd.]",,,,,"http://www.lancarse.co.jp/","jp","Japan","JP"
"1522049539-2416","レイ",,,,,"http://www.ray.co.jp/","jp","Japan","JP"
"1522049599-2536","みなとそふと",,,,,"http://www.minatosoft.com/","com",,"JP"
"1522049599-2556","(株)コナミデジタルエンタテインメント",,,,,"http://www.konami.jp/","jp","Japan","JP"
"1522049479-2154",,,,,,,,,
"1522049539-2285",,,,,,,,,
"1522049539-2421","(株)レインエンターテイメント",,,,,"http://www.rainsoftware.com/","com",,"N/A"
"1522049599-2533","(株)ミッチェル",,,,,"http://www.mitchell.jp/","jp","Japan","DE"
"1522049539-2347","Lusterise（らすたらいず）",,,,,"http://www.lusterise.com/","com",,"JP"
"1522049539-2393","Lillian(リリアン)",,,,,"http://www.lillian.jp/","jp","Japan","JP"
"1522049539-2306",,,,,,,,,
"1522049599-2527","Miel(ミエル)",,,,,"http://www.miel-soft.com/","com",,"JP"
"1522049599-2456",,,,,,,,,
"1522049539-2361","ラプター",,,,,"http://www.sp-janis.com/","com",,"JP"
"1522049539-2395","Lyric",,,,,"http://www.cellworks.co.jp/","jp","Japan","N/A"
"1522049479-2270","ローズティアラ",,,,,"http://www.rose-tiara.com/","com",,"VG"
"1522049599-2497","MAIKA(マイカ)",,,,,"http://www.media-box.ne.jp/","jp","Japan","N/A"
"1522049479-2267","(有)煉瓦社(レンガシャ)",,,,,"http://www.ren-ga.co.jp/","jp","Japan","JP"
"1522049539-2367","(株)悠紀エンタープライズ",,,,,"http://www.yuki-web.co.jp/","jp","Japan","N/A"
"1522049599-2562","メディア・ビジョン(株)",,,,,"http://www.media-vision.co.jp/","jp","Japan","JP"
"1522049599-2521","(有)マリゴールド",,,,,"http://www.marigold.co.jp/index.html","jp","Japan","JP"
"1522049599-2534","MINA",,,,,"http://www.sp-janis.com/","com",,"JP"
"1522049539-2402","√nuko",,,,,"http://rootnuko.jp/","jp","Japan","JP"
"1522049599-2561","(株)メディアカイト販売",,,,,"http://mk-hanbai.jp/","jp","Japan","JP"
"1522049539-2370","郎猫儿(らんまーる)",,,,,"http://www.langmaor.com/","com",,"JP"
"1522049539-2303",,,,,,,,,
"1522049599-2549","(有)ミレニアムキッチン",,,,,"http://www.mkitchen.co.jp/","jp","Japan","JP"
"1522049599-2568","ＭＥＲＲＹ ＢＯＹＳ",,,,,"http://www.gl2003.com/merryboys/","com",,"JP"
"1522049539-2320",,,,,,,,,
"1522049539-2405","Lurid(ルアリッド)",,,,,"http://www.lurid.jp/","jp","Japan","JP"
"1522049539-2411","ルネソフト",,,,,"http://www.lune-soft.jp/","jp","Japan","JP"
"1522049599-2582","(有)モフモフ",,,,,"http://www.mofmof.com/","com",,"US"
"1522049479-2246","ルネ Team Bitters",,,,,"http://www.marigold.co.jp/team_bitters/","jp","Japan","JP"
"1522049599-2510","(株)マグノリア",,,,,"http://www.magnolia.co.jp/","jp","Japan","JP"
"1522049599-2482",,,,,,,,,
"1522049479-2243","LUNATIC(ルナティック)",,,,,"http://www.lunatic-soft.jp/","jp","Japan","US"
"1522049599-2461",,,,,,,,,
"1522049479-2253","raiL-soft(レイルソフト)",,,,,"http://www.liar.co.jp/raiL/","jp","Japan","JP"
"1522049599-2498","マイクロキャビン",,,,,"http://www.microcabin.co.jp/","jp","Japan","JP"
"1522049599-2583","もみじ",,,,,"http://www.softgames-jp.net/momiji/pro/simaisoukan/main.html","net",,"JP"
"1522049479-2211","Rio",,,,,"http://rio.product.co.jp/","jp","Japan","JP"
"1522049479-2266","(株)レベルファイブ",,,,,"http://www.level5.co.jp/","jp","Japan","JP"
"1522049479-2201","(株)悠紀エンタープライズ",,,,,"http://www.yuki-web.co.jp/","jp","Japan","N/A"
"1522049479-2202","(株)ランド・ホー",,,,,"http://www.landho.co.jp/","jp","Japan","JP"
"1522049479-2121",,,,,,,,,
"1522049599-2575","萌。",,,,,"http://moe.product.co.jp/","jp","Japan","N/A"
"1522049479-2229","Lyric",,,,,"http://www.cellworks.co.jp/","jp","Japan","N/A"
"1522049479-2170",,,,,,,,,
"1522049599-2577","萌雛(もえひな)",,,,,"http://www.hina-soft.com/","com",,"N/A"
"1522049599-2488",,,,,,,,,
"1522049479-2157",,,,,,,,,
"1522049479-2191","ラビソフト",,,,,"http://www.lavi-soft.com/","com",,"JP"
"1522049599-2519","魔法",,,,,"http://www.mahou.co.jp/","jp","Japan","JP"
"1522049476-2104",,,,,,,,,
"1522049479-2254","(株)レインエンターテイメント",,,,,"http://www.rainsoftware.com/","com",,"N/A"
"1522049479-2256","Rainbow Cyc(レインボウサイク)",,,,,"http://www.cyc-soft.com/","com",,"JP"
"1522049599-2523","(株)マリオネット",,,,,"http://www.marionet.co.jp/","jp","Japan","JP"
"1522049599-2547","ミルクプリン",,,,,"http://ulb-potage.co.jp/","jp","Japan","JP"
"1522049599-2553","ムーンストーン",,,,,"http://www.moon-stone.jp/","jp","Japan","JP"
"1522049479-2218","Littlewitch",,,,,"http://www.littlewitch.jp/","jp","Japan","JP"
"1522049599-2468",,,,,,,,,
"1522049479-2276","(株)ロケットスタジオ",,,,,"http://www.rocketstd.co.jp/","jp","Japan","JP"
"1522049479-2215","liquid-touchable",,,,,"http://liquid.nexton-net.jp/","jp","Japan","JP"
"1522049479-2214","liquid-shine",,,,,"http://liquid.nexton-net.jp/","jp","Japan","JP"
"1522049599-2495",,,,,,,,,
"1522049479-2160",,,,,,,,,
"1522049479-2210","REALDEAL",,,,,"http://realdeal.product.co.jp/","jp","Japan","N/A"
"1522049479-2219","リトルウイング",,,,,"http://www.littlewingpinball.com/","com",,"JP"
"1522049539-2359","Love Juice",,,,,"http://www.love-juice.jp/","jp","Japan","JP"
"1522049479-2252","Rateblack(レイトブラック)",,,,,"http://www.light.gr.jp/","jp","Japan","JP"
"1522049539-2364","(株)ラルクス",,,,,"http://www.larcx.com/","com",,"US"
"1522049599-2514","(株)マスターピース",,,,,"http://www.masterpiece.co.jp/","jp","Japan","JP"
"1522049479-2168",,,,,,,,,
"1522049599-2529","Misty",,,,,"http://mistygame.com/","com",,"US"
"1522049539-2384","Littlewitch",,,,,"http://www.littlewitch.jp/","jp","Japan","JP"
"1522049479-2278","ロストハート",,,,,"http://www.zeal.gr.jp/LostHeart/","jp","Japan","N/A"
"1522049539-2330",,,,,,,,,
"1522049479-2189","LAPIS BLUe.",,,,,"http://bifronte.com/","com",,"US"
"1522049539-2326",,,,,,,,,
"1522049599-2450",,,,,,,,,
"1522049479-2192","Rabbit",,,,,"http://www.pamsoft.co.jp/","jp","Japan","JP"
"1522049479-2150",,,,,,,,,
"1522049599-2451",,,,,,,,,
"1522049539-2390","riffraff",,,,,"http://riffraff.product.co.jp/","jp","Japan","JP"
"1522049539-2317",,,,,,,,,
"1522049479-2268","インフォレスト(株)",,,,,"http://www.infor.co.jp/","jp","Japan","US"
"1522049479-2180","ラス",,,,,"http://lass.jp/","jp","Japan","JP"
"1522049539-2386","Re:verse",,,,,"http://softhouse-seal.com/Re_verse/","com",,"JP"
"1522049539-2446","Lo-Lilith",,,,,"http://www.lilith-soft.com/lolilith/","com",,"JP"
"1522049479-2187","らぱぷる",,,,,"http://www.rapapuru.com/","com",,"US"
"1522049539-2304",,,,,,,,,
"1522049539-2315",,,,,,,,,
"1522049539-2284",,,,,,,,,
"1522049476-2103",,,,,,,,,
"1522049479-2140",,,,,,,,,
"1522049479-2259","(有)レジスタ[Regista]",,,,,"http://regista.co.jp/","jp","Japan","JP"
"1522049539-2431","(株)アストロール",,,,,"http://www.musical.jp/astroll/","jp","Japan","JP"
"1522049539-2433","(有)煉瓦社(レンガシャ)",,,,,"http://www.ren-ga.co.jp/","jp","Japan","JP"
"1522049479-2220","Re:verse",,,,,"http://softhouse-seal.com/Re_verse/","com",,"JP"
"1522049539-2378","Reon(リオン)",,,,,"http://www.reon-soft.com/","com",,"JP"
"1522049539-2328",,,,,,,,,
"1522049539-2295",,,,,,,,,
"1522049599-2541","mirage(ミラージュ)",,,,,"http://www.mirage-soft.com/","com",,"N/A"
"1522049479-2213","リキッド",,,,,"http://liquid.nexton-net.jp/","jp","Japan","JP"
"1522049539-2338","Ripe",,,,,"http://www.teck.jp/ripe/","jp","Japan","JP"
"1522049599-2563","メディア・ビジョン(株)",,,,,"http://www.media-vision.co.jp/","jp","Japan","JP"
